#{"t_start": 1765355084.6931121, "env_id": "highway-v0"}
r,l,t
5.68297,7,3.800104
8.553513,13,6.097992
12.305544,17,9.003241
1.884995,3,9.52906
24.465236,33,15.229502
12.271327,17,18.129949
2.958144,5,18.9988
8.856905,11,20.882376
8.05837,11,22.758477
1.912913,3,23.275956
1.114255,2,23.627715
10.102566,14,26.01468
8.122925,11,27.873803
3.748366,5,28.726671
11.773093,16,31.478175
32.93482,40,38.281421
1.799224,3,38.806119
30.473456,40,45.619931
10.75191,14,48.131155
6.981402,9,49.674427
15.084634,21,53.276606
1.95647,3,53.794048
31.044134,40,60.67688
1.862773,3,61.185908
11.024022,13,63.446046
7.59339,10,65.161208
14.506902,21,68.760282
19.549516,23,72.730262
1.087786,2,73.086309
13.920139,19,76.372352
1.131875,2,76.726818
4.770338,6,77.740914
10.878151,13,79.961783
17.16176,22,83.750669
2.573797,4,84.448203
20.300532,27,89.040066
6.571027,8,90.425281
7.640034,11,92.445506
31.591694,40,99.362719
7.201054,10,101.064977
13.248995,17,103.95731
27.785759,36,110.303528
11.480602,14,112.707391
11.414003,14,115.109951
4.536155,6,116.153991
5.375836,8,117.536753
1.927645,3,118.072759
31.653683,40,124.947989
1.821659,3,125.463959
6.688313,9,127.036209
5.395331,7,128.225867
7.326195,9,129.76588
30.546081,34,135.686102
5.959179,9,137.294347
9.752638,12,139.376843
15.171239,18,142.50436
14.900081,20,145.945653
1.487948,3,146.461251
30.946116,39,153.372091
33.168265,40,160.321214
11.204133,14,162.758364
3.649566,6,163.778683
6.478607,8,165.14928
21.113079,29,170.087497
28.193054,40,176.988016
6.521794,8,178.349566
18.390139,23,182.431632
3.615866,5,183.29552
30.768786,40,190.362826
0.977215,2,190.691913
29.11305,34,196.605694
29.084928,40,203.476385
29.949381,40,210.338969
25.806654,34,216.197377
6.891279,10,217.913595
5.308254,7,219.116601
29.82076,40,226.125963
5.637255,8,227.498826
10.731708,15,230.076642
29.55411,39,236.720847
17.258009,24,240.828502
6.935705,8,242.191006
12.664713,15,244.736145
19.909084,25,248.951937
3.441465,5,249.804883
21.880699,27,254.404932
3.714154,6,255.423705
21.930468,32,260.91217
25.69801,32,266.402618
8.615599,11,268.351284
14.323042,16,271.119779
11.081157,13,273.36308
29.150379,40,280.170638
9.683622,13,282.390814
28.594165,40,289.207797
24.479909,33,294.869965
26.709021,33,300.459122
12.750018,16,303.196773
22.271394,26,307.645223
6.360941,10,309.354994
3.392769,5,310.212397
12.925245,16,313.050453
26.96678,36,319.190539
2.644444,4,319.887519
12.569546,15,322.482306
29.330663,40,329.343237
5.695415,7,330.534817
1.196106,2,330.870091
5.43703,7,332.072604
11.171166,15,334.637774
29.360814,40,341.516585
10.347982,13,343.736428
16.993828,21,347.349958
4.822461,7,348.56634
5.328744,7,349.77519
5.59179,8,351.151037
26.282208,34,357.053588
28.501274,38,363.660925
7.915666,12,365.731524
3.015033,4,366.410881
30.749827,40,373.402108
2.642945,4,374.123112
33.036367,40,381.092989
29.916233,40,388.079483
27.562348,36,394.371657
29.42458,40,401.396576
30.415008,40,408.434117
10.132622,13,410.690472
28.733865,34,416.663389
30.44421,40,423.610991
20.104492,24,427.823791
12.635092,17,430.780455
2.671825,4,431.484279
21.463688,29,436.662618
31.908193,40,444.472753
28.580324,40,451.701886
29.833073,39,458.83189
8.246345,12,460.949848
28.84809,40,467.947116
28.560107,40,474.986134
12.603589,16,477.776636
27.714455,40,484.829824
2.467332,4,485.529798
20.815729,28,490.437668
26.987753,35,496.67164
4.981532,8,498.06009
29.108364,40,505.099577
8.349376,11,507.014106
13.485897,18,510.182663
28.688211,40,517.18797
29.281404,40,524.242751
19.40701,25,528.636433
2.269897,4,529.337584
23.288046,32,534.934059
29.17013,40,542.081913
29.292842,40,549.109474
29.558763,40,556.15211
30.027459,40,563.211673
22.574596,31,568.60646
31.255653,40,575.652409
29.314729,40,582.784094
27.357456,40,589.835136
27.382767,40,596.859416
27.466671,40,603.89788
16.615585,21,607.61506
28.181399,40,614.579211
28.247644,40,621.616035
19.413707,24,625.8547
28.824925,40,632.935669
28.424815,40,640.011964
3.093345,5,640.907081
14.282683,17,643.891435
29.337436,40,650.943144
10.351999,15,653.571407
29.558919,40,660.615006
27.014203,35,666.781511
13.173752,18,669.933396
30.020579,40,677.114241
29.360792,40,684.165999
29.488832,40,691.152375
7.352936,10,692.914519
1.643503,3,693.438168
28.892256,40,700.424008
28.805259,40,707.45714
31.372566,40,714.511853
30.434071,40,721.598206
23.053169,28,726.49806
28.358262,40,733.501596
27.381145,40,740.530269
29.956954,40,747.481552
29.001151,40,754.460466
10.270639,12,756.580424
27.979128,40,763.648557
29.842398,40,770.664661
30.896675,39,777.538465
28.716347,40,784.527377
28.996761,40,791.582464
30.453492,39,798.502126
29.249704,40,805.554575
29.625457,40,812.611561
19.268028,27,817.364611
26.711662,39,824.198074
27.494125,40,831.17815
28.378581,40,838.118329
28.092233,40,845.149056
29.560814,40,852.252531
28.780825,40,859.316716
4.772656,6,860.368111
28.69251,40,867.412826
34.139063,40,874.436443
27.71637,40,881.436602
29.027481,40,888.469888
15.16424,22,892.340788
27.405236,40,899.426706
10.093123,12,901.580463
14.554167,20,905.110656
28.379045,40,912.208473
29.582474,40,919.213494
29.448197,40,926.252761
27.338592,40,933.325859
6.537892,10,935.096845
29.605259,40,942.181793
20.833486,27,946.969005
28.596967,37,953.45531
28.738592,40,960.529903
28.84416,40,967.565438
27.31637,40,974.620972
29.111885,40,981.649854
28.086959,40,988.800097
12.015724,14,991.261343
29.671123,40,998.352876
28.227481,40,1005.487883
2.936008,5,1006.363011
28.538592,40,1013.388485
7.714729,11,1015.348134
28.491277,40,1022.390262
29.379502,40,1029.478434
28.627348,40,1036.635821
29.337088,40,1043.721686
18.362238,25,1048.135836
28.449681,40,1055.221837
29.183036,40,1062.296911
28.294147,40,1069.345017
29.403367,40,1076.461472
28.760815,40,1083.63274
28.427458,40,1090.70452
29.04957,40,1097.774816
29.294148,40,1104.845123
28.203626,40,1111.888182
14.760103,21,1115.576031
27.090128,40,1122.622728
0.998153,2,1122.98066
29.87177,40,1130.12443
28.759287,40,1137.221852
28.760791,40,1144.347971
29.315682,40,1151.429949
28.649704,40,1158.463575
28.622533,40,1165.518124
18.464652,24,1169.851362
28.870422,40,1176.917008
21.790536,29,1182.069811
28.827458,40,1189.12657
28.775215,40,1196.198067
29.205259,40,1203.254056
29.094148,40,1210.312582
29.271926,40,1217.482764
28.95931,40,1224.567183
29.09355,40,1231.736195
29.360815,40,1238.918226
29.316218,40,1245.994221
28.62559,40,1253.014087
28.182234,40,1260.106636
29.227481,40,1267.192657
28.049704,40,1274.194353
5.752843,8,1275.57696
28.643196,40,1282.830503
28.848195,40,1290.078731
27.848199,40,1297.176564
28.827458,40,1304.200266
20.526606,27,1309.069197
13.272561,17,1312.104114
1.535922,3,1312.644827
28.46632,40,1319.677695
18.726818,24,1323.900878
28.960236,40,1330.935215
28.960678,40,1337.994143
29.294148,40,1345.033363
29.333896,40,1352.187573
16.400023,21,1355.871146
8.843033,12,1358.030295
8.131846,12,1360.114978
29.90993,40,1367.173694
27.31637,40,1374.215689
28.294148,40,1381.256206
29.560686,40,1388.303243
29.179105,40,1395.394678
29.225954,40,1402.532418
28.294011,40,1409.585514
30.314871,40,1416.669929
28.781103,40,1423.725959
29.360681,40,1430.783175
1.905423,3,1431.305126
30.857594,40,1438.362098
6.890715,11,1440.298162
29.494148,40,1447.465536
29.360815,40,1454.493864
29.625977,40,1461.527762
28.91637,40,1468.61876
8.682423,12,1470.737655
29.183037,40,1477.7704
29.360815,40,1484.803219
7.861435,11,1486.838701
28.783037,40,1493.938564
23.550716,31,1499.414191
3.001689,5,1500.283074
28.915119,40,1507.315939
29.494148,40,1514.37408
28.360792,40,1521.503919
13.049015,19,1524.854703
28.671679,40,1531.985901
29.338569,40,1539.123732
30.377088,40,1546.192944
26.481692,35,1552.392185
28.44968,40,1559.47584
28.693349,40,1566.630463
29.738592,40,1573.697025
28.760126,40,1580.905529
28.380485,40,1588.072808
27.116347,40,1595.136285
29.160815,40,1602.192211
18.494148,27,1606.953083
29.360815,40,1614.008534
31.568406,40,1621.081074
28.694148,40,1628.211119
29.337903,40,1635.275386
29.760815,40,1642.360074
28.071792,40,1649.421841
7.531681,11,1651.375615
29.205259,40,1658.450855
29.560087,40,1665.554722
30.417928,40,1672.799492
29.338592,40,1679.945994
28.11637,40,1687.035228
27.960815,40,1694.13246
28.951025,40,1701.182616
29.175552,40,1708.279806
29.494148,40,1715.478116
29.094148,40,1722.607947
27.938463,40,1729.677931
29.160815,40,1736.787471
27.694148,40,1743.862752
28.537904,40,1751.0545
28.760125,40,1758.309876
29.338592,40,1765.556436
29.227481,40,1772.687583
29.468473,40,1779.809785
28.893455,40,1786.96699
29.11637,40,1794.097327
29.494148,40,1801.221858
27.11637,40,1808.426139
29.138459,40,1815.549639
29.116347,40,1822.678735
29.290045,40,1829.83346
20.277286,25,1834.296524
29.247812,40,1841.403118
28.738592,40,1848.50117
31.688075,40,1855.726376
28.491142,40,1862.888771
30.199608,40,1870.011417
29.005259,40,1877.133031
28.983037,40,1884.244456
28.383037,40,1891.400187
29.360815,40,1898.606581
29.160814,40,1905.678666
29.625958,40,1912.756046
28.781541,40,1919.813874
32.091587,40,1926.937231
28.601361,40,1934.057102
29.360815,40,1941.155191
28.71637,40,1948.263159
28.760815,40,1955.347053
28.738592,40,1962.372109
28.694148,40,1969.406251
12.242578,17,1972.392223
28.605259,40,1979.466226
28.271926,40,1986.458048
29.338592,40,2144.609922
27.225151,40,2151.484403
28.182904,40,2158.306008
29.315682,40,2165.181025
29.916241,40,2171.985303
10.492644,15,2174.547579
30.314714,40,2181.365699
11.306655,16,2184.197607
28.205259,40,2217.491923
28.538592,40,2224.526238
29.294148,40,2231.372675
28.849704,40,2238.46295
26.938592,40,2245.557084
29.271926,40,2252.696426
28.671926,40,2259.953232
28.560016,40,2267.159583
28.803755,40,2274.284995
29.360815,40,2281.447211
27.760658,40,2288.600884
29.397913,40,2295.724763
29.294148,40,2302.954278
29.778169,40,2310.086195
25.877924,34,2316.129278
28.427481,40,2323.235053
29.247103,40,2330.30568
27.360815,40,2337.375282
28.871922,40,2344.451724
29.027348,40,2351.59798
28.915807,40,2358.761806
29.2497,40,2365.860703
9.993833,13,2368.163135
29.494148,40,2375.226824
29.360815,40,2382.330526
28.892256,40,2389.43464
26.938588,40,2396.62044
29.136701,40,2403.674911
25.245619,33,2409.52996
29.336701,40,2416.551711
29.115682,40,2423.609014
28.93495,40,2430.778289
29.138592,40,2437.890285
28.60457,40,2444.983522
29.138592,40,2452.028052
27.270422,40,2459.145086
28.360221,40,2466.242599
28.649704,40,2473.348701
30.174897,40,2480.374798
28.783037,40,2487.527239
29.249109,40,2494.585105
28.560681,40,2501.673176
29.401903,40,2508.738686
6.092644,9,2510.339272
31.04319,40,2517.449638
27.849703,40,2524.536629
29.113062,40,2531.670796
28.871792,40,2538.804857
8.916483,13,2541.091262
27.427481,40,2548.206121
28.71168,40,2555.266138
22.083866,31,2560.759074
29.270034,40,2567.835236
29.624312,40,2575.002496
29.17858,40,2582.156591
28.583037,40,2589.259345
26.983037,40,2596.372332
27.182904,40,2603.496752
28.494148,40,2610.547493
28.116367,40,2617.715285
28.738592,40,2624.833593
29.360815,40,2631.926681
26.960791,40,2639.019923
28.827481,40,2646.081485
28.694148,40,2653.146573
29.249703,40,2660.185225
28.222622,40,2667.345594
26.405272,34,2673.408272
26.84957,40,2680.525782
29.40457,40,2687.609148
31.099738,40,2694.718776
27.0497,40,2701.846931
28.938592,40,2709.00397
28.58231,40,2716.12384
28.669712,40,2723.229148
29.970746,40,2730.329772
27.605259,40,2737.437753
27.22623,40,2744.520124
27.183037,40,2751.634644
28.738591,40,2758.789174
27.805259,40,2765.887779
29.249015,40,2773.000808
29.555669,40,2780.090761
29.494148,40,2787.227492
28.983037,40,2794.299661
28.2497,40,2801.487233
29.849703,40,2808.617607
29.027481,40,2815.693713
29.536289,40,2822.847131
28.91637,40,2829.992941
28.983037,40,2837.153272
29.249704,40,2844.195993
28.471926,40,2851.363696
21.249704,30,2856.642277
29.294148,40,2863.745081
29.294148,40,2870.758635
29.094148,40,2877.869992
29.249703,40,3017.823781
27.338554,40,3024.731816
29.001756,40,3031.546723
27.294148,40,3038.33359
27.31637,40,3045.156371
29.360815,40,3052.025002
28.583037,40,3059.063239
28.071922,40,3114.418726
29.360815,40,3121.339778
29.494113,40,3128.118887
28.760795,40,3135.004136
29.271926,40,3141.977363
29.625982,40,3148.972719
29.427481,40,3160.981799
29.049704,40,3170.353674
29.494148,40,3177.711612
29.001652,40,3185.094032
28.783037,40,3192.542307
29.203368,40,3199.834789
29.310312,40,3460.309818
29.183037,40,3467.235807
27.936701,40,3474.062406
4.383033,7,3475.273689
27.492644,40,3482.021713
28.160815,40,3488.829873
30.138592,40,3495.648501
29.294015,40,3502.489868
28.583037,40,3648.940471
5.066129,8,3650.379548
28.84477,40,3657.191553
28.71624,40,3663.974536
26.826793,40,3670.765403
19.067384,25,3674.988134
27.04957,40,3681.790908
29.173167,40,3688.51997
28.249704,40,3761.931055
28.092621,40,3768.742573
29.494148,40,3775.583651
28.871925,40,3782.358589
8.605259,13,3784.579748
2.226679,4,3785.251661
27.183037,40,3792.080768
29.271789,40,3799.019794
29.646284,40,3806.06414
29.094144,40,3949.401368
32.224091,40,3956.198012
29.094125,40,3962.966062
27.071926,40,3969.833088
29.11637,40,3976.599159
28.894147,40,3983.391351
28.958923,40,4060.240744
29.336701,40,4067.144224
29.781755,40,4073.89178
27.11637,40,4082.256615
29.183037,40,4089.727841
6.335328,9,4091.2703
29.649685,40,4098.267987
30.003758,40,4105.38235
28.094148,40,4133.564034
27.916366,40,4140.382844
26.694148,40,4147.270034
27.694148,40,4154.33974
30.560814,40,4161.412656
26.938588,40,4168.617928
28.137904,40,4274.29802
27.205259,40,4281.131996
27.135237,40,4287.951017
29.492644,40,4294.742814
28.894147,40,4301.566674
10.746073,15,4304.138063
29.247808,40,4311.04818
27.583037,40,4317.99327
4.694148,8,4319.375128
27.070421,40,4363.087446
26.960681,40,4369.863781
11.131261,15,4372.397695
29.138592,40,4379.22521
29.182904,40,4386.164729
28.178477,40,4393.322342
27.471925,40,4400.4481
29.205259,40,4664.609942
28.982904,40,4671.451906
28.027481,40,4678.290771
27.581145,40,4685.075099
29.271926,40,4691.93486
29.360815,40,4701.090689
28.294098,40,4707.989535
29.271926,40,4787.960902
28.649704,40,4794.772058
29.28388,40,4801.574544
28.782903,40,4808.387896
2.938569,5,4809.237817
28.71637,40,4816.129266
27.671926,40,4823.039349
28.492233,40,4829.948143
29.427481,40,4836.908163
28.071926,40,4843.861128
28.938569,40,4850.895234
29.31637,40,4858.023884
30.137927,40,4865.105694
29.492644,40,4872.190012
28.583037,40,4965.778008
28.399837,40,4972.550834
29.138592,40,4979.389448
27.583037,40,4988.541536
28.360815,40,4995.448659
29.003344,40,5002.434838
29.667731,40,5015.557516
28.583037,40,5022.545442
29.425937,40,5029.659248
29.183037,40,5036.851933
28.31637,40,5044.076708
29.005259,40,5051.245137
29.094147,40,5058.363258
29.338592,40,5169.756051
29.603345,40,5176.572399
28.647808,40,5183.393005
29.514871,40,5190.287111
29.116347,40,5197.150941
28.633058,38,5203.738314
29.183034,40,5210.711294
27.936694,40,5265.866008
28.471926,40,5274.993764
29.336701,40,5283.976396
26.894148,40,5291.123019
29.291951,40,5298.20525
26.781145,40,5305.329827
29.271903,40,5323.253092
29.360815,40,5330.345863
27.005258,40,5337.472577
30.31637,40,5344.762755
29.336701,40,5351.948082
28.867899,40,5359.085074
28.246951,40,5366.27102
29.447701,40,5426.024898
29.734912,40,5432.844994
29.360815,40,5439.694839
27.027481,40,5446.815455
30.449704,40,5453.827282
28.894125,40,5460.909396
29.360815,40,5545.854277
28.649704,40,5552.667402
28.91637,40,5559.46224
29.227458,40,5566.359235
29.094015,40,5573.224215
27.360815,40,5580.207219
29.360815,40,5587.269879
28.205259,40,5865.447871
28.649704,40,5872.270955
29.092644,40,5879.113369
28.115795,40,5885.920455
29.494148,40,5894.484425
26.849015,40,5906.147224
27.027348,40,5912.962085
33.380133,40,5919.859807
29.494148,40,5926.941838
29.336126,40,5934.068926
26.783037,40,5941.092278
27.271926,40,5954.060448
29.115682,40,5963.360484
30.203621,40,5970.414576
29.049704,40,5977.605858
27.694145,40,5984.879572
29.691932,40,5992.049455
29.205259,40,6085.587845
28.583037,40,6092.382019
30.328732,40,6099.194645
27.094148,40,6108.283059
28.649704,40,6115.156643
28.894147,40,6122.211551
28.224821,40,6129.212587
29.938592,40,6152.531291
27.005236,40,6159.440824
29.137904,40,6166.448326
29.116366,40,6173.609776
28.427458,40,6180.82264
29.338592,40,6187.98457
29.11637,40,6217.200981
29.265293,40,6224.176697
29.314345,40,6231.043473
29.227477,40,6238.038084
29.582348,40,6245.200078
29.35931,40,6252.340812
28.249704,40,6259.454344
28.666993,40,6298.747626
27.981804,40,6305.642869
28.626789,40,6312.51958
27.846028,40,6319.605214
26.694148,40,6326.803699
29.494129,40,6333.903731
31.227481,40,6341.010286
27.981533,40,6371.638168
27.137088,40,6378.535438
28.84968,40,6385.649379
28.958923,40,6392.97204
15.427348,22,6396.939689
27.492516,40,6404.14456
28.294148,40,6411.374274
29.381533,40,6467.657009
26.960815,40,6474.45721
29.2497,40,6481.26184
29.337087,40,6488.324378
29.490254,40,6495.40317
29.113885,40,6502.534186
27.558923,40,6509.650277
28.51637,40,6705.557186
28.316347,40,6712.381405
29.38151,40,6719.24589
28.312976,40,6726.035529
27.603043,40,6732.838271
29.748829,40,6739.696993
27.538592,40,6764.489892
29.938569,40,6773.634735
29.360815,40,6780.499543
29.247811,40,6787.575556
28.714866,40,6794.679679
29.360815,40,6801.814163
28.627481,40,6808.876371
29.494148,40,7035.694248
29.494148,40,7042.667062
28.9829,40,7049.50197
29.336701,40,7056.323832
28.827481,40,7063.174601
29.401301,40,7069.974382
26.71637,40,7076.818738
28.249563,40,7239.225525
30.311991,40,7246.098584
29.005122,40,7253.037979
29.845134,40,7259.901749
28.825976,40,7266.735029
28.201476,40,7273.56729
29.071792,40,7288.003453
29.492644,40,7296.986117
29.071906,40,7304.384208
28.914729,40,7312.685372
28.047811,40,7320.651623
29.203995,40,7328.554851
27.094148,40,7365.940745
29.360814,40,7372.7896
29.335211,40,7381.96362
29.294148,40,7388.946736
28.360815,40,7395.980122
29.627481,40,7403.101406
26.849704,40,7494.449747
29.625982,40,7501.349947
29.494148,40,7508.170713
29.205259,40,7515.161091
29.292256,40,7521.995527
27.738592,40,7528.85935
29.760811,40,7535.852742
29.137767,40,7570.449627
29.071926,40,7577.270655
28.913012,40,7584.194217
23.803173,33,7589.877681
28.937775,40,7596.86941
30.224474,40,7603.87434
28.358923,40,7610.868596
30.446297,40,7665.2602
28.294147,40,7672.153825
27.777133,37,7680.871591
28.715678,40,7690.022154
29.403621,40,7697.033424
30.048057,40,7704.169388
29.315682,40,7800.003388
28.760791,40,7806.916133
28.783037,40,7813.788853
28.960103,40,7820.580351
29.468676,40,7827.37766
27.471926,40,7834.266649
29.138592,40,7841.242888
27.492081,40,7965.865218
28.536697,40,7972.625109
29.182979,40,7979.492008
31.894144,40,7986.462872
29.314479,40,7994.610297
29.227458,40,8001.519092
29.205259,40,8008.509284
29.360815,40,8268.788861
28.714162,40,8276.239768
28.671926,40,8283.293238
29.2497,40,8290.280844
29.094015,40,8297.163431
28.338592,40,8304.002329
28.625567,40,8310.846384
27.694148,40,8317.856973
27.805236,40,8324.794199
29.271903,40,8331.812885
29.205259,40,8338.827841
26.694148,40,8345.772114
26.871926,40,8352.852706
26.827481,40,8359.955515
29.494148,40,8367.052374
27.494011,40,8374.077786
29.205259,40,8381.07708
29.627481,40,8388.063343
6.648179,10,8389.836457
28.271903,40,8396.862195
27.449015,40,8403.826994
29.071926,40,8410.898743
27.449704,40,8417.903448
29.471363,40,8424.918001
29.116237,40,8431.943564
8.871926,13,8434.229195
29.071237,40,8441.230626
26.827481,40,8448.248524
27.605259,40,8455.335573
29.470148,40,8462.355596
29.579603,40,8469.378062
29.11637,40,8476.444802
28.665892,40,8483.490376
28.514479,40,8490.52447
27.31637,40,8497.62839
13.0641,18,8500.800397
28.738592,40,8507.822585
29.494148,40,8514.867275
29.338592,40,8521.897048
29.249681,40,8528.913126
29.248199,40,8535.960602
30.982415,40,8543.04934
31.281557,40,8550.127119
28.983037,40,8557.152843
29.759288,40,8564.194381
29.423588,40,8571.266228
29.003368,40,8578.334936
29.360815,40,8585.644905
29.29251,40,8593.03568
28.783033,40,8600.413886
28.871926,40,8607.555225
29.338592,40,8614.738717
29.494148,40,8621.895125
26.805259,40,8629.080662
29.116253,40,8636.323122
29.049681,40,8643.468074
11.160811,17,8646.494121
29.338592,40,8653.640359
30.938573,40,8660.781314
7.647636,11,8662.757992
29.494148,40,8669.902212
29.627481,40,8677.038158
29.513837,40,8684.208217
29.11637,40,8691.329839
29.559902,40,8698.484687
29.290615,40,8705.626464
29.494148,40,8712.816337
29.403755,40,8719.935029
27.404696,40,8727.126103
29.271926,40,8734.26798
29.360815,40,8741.337841
28.960678,40,8748.413059
28.892644,40,8755.560106
28.692112,40,8762.657305
26.983037,40,8769.739087
27.583037,40,8776.855083
29.494148,40,8783.926774
28.316366,40,8790.991763
29.270662,40,8798.071725
29.671902,40,8805.178792
29.360815,40,8812.251983
27.271926,40,8819.330729
31.468526,40,8826.376862
29.294015,40,8833.455848
28.894148,40,8840.528621
29.470034,40,8847.638394
28.983037,40,8854.690753
27.51637,40,8861.784365
29.205259,40,8868.991479
28.910794,40,8876.069615
26.694148,40,8883.149028
27.294144,40,8890.408909
30.758735,40,8926.09277
29.094148,40,8935.375217
28.960792,40,8942.293049
29.494148,40,8949.379018
29.603368,40,8956.541557
29.2497,40,8963.691512
27.983037,40,8992.390266
26.825977,40,8999.237852
29.294015,40,9006.34233
30.555343,40,9013.509403
29.2497,40,9020.756209
30.665862,40,9027.995684
29.138592,40,9052.636251
29.494148,40,9059.520303
29.42492,40,9066.545313
28.338592,40,9073.744368
27.538592,40,9080.889422
31.892644,40,9088.055271
29.270421,40,9095.346485
27.71637,40,9167.278869
29.31637,40,9174.221203
28.694148,40,9181.68505
29.115682,40,9189.302144
29.471926,40,9199.287159
28.981797,40,9208.547994
29.160125,40,9468.869543
28.071363,40,9475.740403
28.560084,40,9482.58932
27.42559,40,9489.479704
29.489666,40,9498.642156
28.027458,40,9505.488618
28.583037,40,9765.667786
29.360815,40,9772.479909
10.852237,16,9775.183345
26.781145,40,9782.014965
28.205259,40,9788.896089
29.24957,40,9795.707904
29.136396,40,9804.874462
27.760815,40,10065.014852
27.449703,40,10071.866644
29.270034,40,10078.726548
29.625982,40,10085.602073
26.694148,40,10092.421128
29.337318,40,10099.499485
28.60457,40,10108.342042
28.826793,40,10368.497031
26.805258,40,10375.335937
29.071128,40,10382.195816
29.294148,40,10389.034219
28.005259,40,10395.957737
29.315682,40,10405.044439
11.937088,18,10408.071298
29.603208,40,10424.820868
28.405259,40,10431.596957
30.160815,40,10438.482532
29.338592,40,10445.323785
29.360815,40,10452.329726
29.294148,40,10459.311413
29.31637,40,10466.345741
4.027481,7,10467.596392
27.3364,40,10514.593899
27.315678,40,10521.424857
27.516347,40,10528.281879
29.137881,40,10535.070247
29.270422,40,10541.973292
28.983037,40,10548.90882
29.492644,40,10556.347123
29.271903,40,10563.442265
27.649704,40,10570.60726
27.538588,40,10577.68365
28.138592,40,10584.697369
29.535326,40,10591.755657
26.938592,40,10598.822934
29.248065,40,10605.795127
28.671925,40,10612.831986
28.91637,40,10619.864094
29.114479,40,10626.81856
28.312477,40,10633.8474
29.005259,40,10640.808588
29.2497,40,10647.752378
29.781794,40,10654.725123
27.955417,40,10661.745688
29.360815,40,10668.687507
29.337795,40,10675.676923
28.801841,40,10682.676464
27.31637,40,10689.598548
29.40524,40,10696.677611
29.338592,40,10703.791275
28.871926,40,10710.79755
29.116366,40,10717.7694
27.338588,40,10724.733072
28.894037,40,10731.707308
29.31637,40,10738.738112
29.315682,40,10745.775695
29.360815,40,10752.834831
29.181145,40,10759.859281
29.115681,40,10766.85535
29.360792,40,10773.859015
29.360815,40,10780.873495
29.485489,40,10787.894716
29.445551,40,10795.103589
30.115454,40,10802.387066
29.31637,40,10809.758109
28.138592,40,10816.821753
29.205259,40,10823.915894
28.935193,40,10830.9132
28.514831,40,10837.882023
29.403755,40,10844.832084
29.978227,40,10851.764899
29.492644,40,10858.639197
29.307753,40,10865.582027
29.494148,40,10872.503131
27.049703,40,10879.442311
29.158923,40,10886.456169
27.005259,40,10893.316393
28.490749,40,10900.258574
27.760815,40,10907.174002
27.938592,40,10914.062988
29.338592,40,10920.924835
28.938592,40,10927.959748
29.671143,40,10934.859341
29.360815,40,10941.789183
28.693459,40,10948.699632
29.31637,40,10955.641557
26.960815,40,10962.572325
26.938589,40,10969.485716
26.960815,40,10976.463972
29.094015,40,10983.381155
26.894148,40,10990.279746
29.376591,40,10997.187533
28.583037,40,11004.135913
29.205236,40,11011.03312
4.205258,7,11012.25852
27.071925,40,11019.239706
29.601992,40,11026.188579
28.583037,40,11033.161278
29.46937,40,11040.114312
31.090254,40,11047.073109
8.425982,12,11049.144444
30.315544,40,11056.109716
27.494148,40,11063.113571
28.510949,40,11070.034501
28.777275,40,11076.954467
29.538569,40,11083.906847
29.182896,40,11090.843039
29.294015,40,11097.775683
29.338592,40,11104.818661
26.892256,40,11111.761089
29.205122,40,11118.701592
30.224349,40,11125.627775
28.600303,40,11132.669755
29.360815,40,11139.586175
29.582348,40,11146.543941
29.492644,40,11153.575087
26.760815,40,11160.498318
29.360815,40,11167.465248
30.24277,40,11174.369541
29.227481,40,11181.291647
29.359177,40,11188.228101
29.426918,40,11195.246825
27.383037,40,11202.234156
27.960796,40,11209.216699
29.205122,40,11216.164917
29.360815,40,11223.108783
29.603368,40,11230.052432
29.444352,40,11237.031777
27.336951,40,11244.016808
29.360815,40,11250.989577
27.183037,40,11258.002688
28.138592,40,11271.167675
29.227458,40,11280.259327
29.249704,40,11287.245866
29.960811,40,11294.363613
28.092891,40,11301.381209
29.31637,40,11308.418747
29.603755,40,11457.650823
28.138592,40,11464.379087
29.360815,40,11471.033572
29.494148,40,11477.802013
28.647151,40,11486.827998
26.849704,40,11493.481161
29.271926,40,11500.261187
29.115807,40,11571.288198
29.627481,40,11578.104313
29.183036,40,11584.774816
28.871925,40,11593.865558
27.02559,40,11600.559959
29.360815,40,11607.293663
29.094148,40,11867.328084
29.249566,40,11874.071889
29.425288,40,11880.735819
28.271926,40,11887.53256
30.027481,40,11894.19654
29.46667,40,11900.851932
29.622922,40,11909.784331
29.360815,40,12169.752275
28.95879,40,12176.492082
29.403234,40,12183.225769
27.62559,40,12189.887211
30.15931,40,12196.619498
28.582903,40,12203.294759
29.560681,40,12465.62837
27.004548,40,12472.417433
29.24957,40,12479.105844
27.024929,40,12485.875804
14.627367,22,12489.536867
29.492644,40,12496.274041
29.694011,40,12502.972858
28.31637,40,12512.01031
29.31637,40,12771.084304
29.471335,40,12777.791313
29.138592,40,12784.563308
27.201901,40,12791.287276
29.44627,40,12798.002455
28.960122,40,12804.68179
29.427348,40,13067.066566
29.160678,40,13073.800173
31.581414,40,13080.544548
29.492644,40,13087.232693
26.894148,40,13093.913566
27.290254,40,13100.659652
29.360815,40,13365.59622
30.022922,40,13372.382208
30.02559,40,13379.158131
29.665965,40,13385.82631
28.11637,40,13392.501526
18.003618,26,13396.851396
27.449704,40,13403.469041
29.977593,40,13610.388458
28.227481,40,13617.188863
27.227481,40,13623.997112
29.31637,40,13630.709838
29.227477,40,13637.391981
29.536568,40,13644.110242
14.723573,18,13647.114457
26.983037,40,13656.058675
28.625437,40,13671.035643
28.783036,40,13680.130822
28.405259,40,13686.812497
28.071922,40,13693.568839
29.271926,40,13700.289877
29.027481,40,13706.99315
29.070034,40,13967.042935
29.336701,40,13973.801416
27.627458,40,13980.587486
29.486645,40,13987.329492
29.403621,40,13994.101482
29.868659,40,14000.865827
29.156808,40,14009.861498
4.003169,6,14010.858652
28.513352,40,14270.916712
27.310389,40,14277.667758
28.51637,40,14284.382399
26.261509,37,14290.541497
26.827481,40,14297.238685
30.53585,40,14303.920387
27.094148,40,14566.237789
29.849704,40,14573.000781
30.025977,40,14579.661481
29.494148,40,14586.399748
31.027348,40,14593.074495
29.605259,40,14599.761406
28.583037,40,14607.049008
29.360815,40,14868.804824
31.025393,40,14875.585217
29.494148,40,14882.266952
26.983037,40,14888.953488
29.360815,40,14895.63047
30.403349,40,14902.328665
26.738592,40,14911.424289
30.180038,40,15171.552692
22.202205,30,15176.566094
29.181009,40,15183.21151
29.64914,40,15189.91553
29.160248,40,15196.687037
29.204594,40,15203.34157
29.360815,40,15465.583416
29.51637,40,15472.469265
28.516367,40,15479.206107
29.183037,40,15485.933954
26.71637,40,15492.634581
29.000024,40,15499.269868
29.271792,40,15505.914241
26.738592,40,15768.294868
30.49208,40,15775.033697
29.759307,40,15781.792835
29.360815,40,15788.502974
29.494014,40,15795.304085
28.694148,40,15802.012859
29.937088,40,15811.054134
29.537903,40,16071.29405
29.911472,40,16077.985726
29.2497,40,16084.670733
29.027481,40,16091.402545
27.627481,40,16098.035683
29.31637,40,16104.719085
28.957381,40,16366.140865
27.381529,40,16372.897627
19.714732,27,16377.407584
27.183037,40,16384.115401
27.493554,40,16390.777423
28.315674,40,16397.409842
29.005258,40,16404.089481
29.871236,40,16666.445165
26.783037,40,16673.217074
29.360815,40,16679.930367
27.225977,40,16686.619955
26.760815,40,16693.281996
27.071922,40,16699.99455
29.360815,40,16709.060301
29.382348,40,16971.741184
29.360815,40,16978.446925
28.649704,40,16985.191957
29.160815,40,16991.847559
27.759547,40,16998.493431
29.360815,40,17005.237191
30.535903,40,17267.469999
29.000269,40,17274.217332
29.937904,40,17280.92009
29.360815,40,17287.604343
29.314479,40,17294.255859
29.026683,40,17300.957269
29.091596,40,17309.979479
29.737088,40,17570.000253
29.492644,40,17576.720634
29.338592,40,17583.363903
27.025288,40,17590.033977
27.849566,40,17596.725363
27.027478,40,17603.530288
28.805255,40,17865.844066
29.53355,40,17872.652626
29.360815,40,17879.581142
28.201532,40,17886.251756
29.116347,40,17892.916152
29.094011,40,17899.568979
29.469988,40,17906.918069
29.558923,40,18168.698828
29.160681,40,18175.381698
29.315682,40,18182.003779
29.311749,40,18188.65817
29.225457,40,18195.301328
28.871926,40,18202.108494
27.31637,40,18211.15886
29.247812,40,18471.211263
29.360815,40,18477.928555
29.046345,40,18484.573629
26.827481,40,18491.238903
26.783037,40,18497.948415
27.915792,40,18504.581763
29.849015,40,18766.848167
29.360815,40,18773.609595
29.337087,40,18780.237791
26.827481,40,18786.871797
29.003183,40,18793.563884
27.271926,40,18800.323052
30.754988,40,18806.987121
27.005236,40,19069.307639
29.2497,40,19076.00104
27.294148,40,19082.667366
29.294015,40,19089.276453
27.894145,40,19096.046815
29.360815,40,19102.755894
29.53777,40,19111.88572
29.625982,40,19371.917616
29.783036,40,19378.596411
29.331105,40,19385.257566
29.2497,40,19391.943329
27.891599,40,19398.687039
29.227458,40,19405.350805
29.492644,40,19667.689732
5.976518,9,19669.214093
29.983037,40,19675.914473
29.894015,40,19682.557507
29.66313,40,19689.216527
29.359307,40,19695.906927
30.205103,40,19702.622164
29.094015,40,19711.652379
26.849141,40,19971.689063
29.226793,40,19978.397355
29.005255,40,19985.03446
4.31637,7,19986.191885
30.670417,40,19993.00829
29.338592,40,19999.75312
29.425288,40,20007.316626
27.714843,40,20267.828923
28.560815,40,20274.602638
27.694148,40,20281.322308
27.582904,40,20288.087297
27.671926,40,20294.740528
30.094147,40,20301.427885
28.894125,40,20566.364388
29.205258,40,20573.140037
28.510502,40,20579.817788
29.205122,40,20586.509207
28.51637,40,20593.277187
27.583037,40,20599.939111
29.427458,40,20607.9972
4.449014,7,20610.077318
28.471926,40,20870.039292
2.982325,5,20870.870861
30.934772,40,20877.560202
29.494148,40,20884.301445
29.405126,40,20891.12449
27.960815,40,20897.830802
29.627481,40,20904.527196
29.338592,40,21166.882955
30.360099,40,21173.667915
26.960815,40,21180.325491
28.449704,40,21187.060959
26.805255,40,21193.827548
29.360814,40,21200.646078
29.360815,40,21209.642835
29.646963,40,21469.661029
23.090254,30,21474.726423
28.537904,40,21481.40014
29.027474,40,21488.156031
29.360815,40,21494.802299
26.894148,40,21501.4408
26.938588,40,21510.459436
11.066322,15,21766.282021
29.338592,40,21773.072382
29.312937,40,21779.820695
29.977641,40,21786.526946
29.271926,40,21793.160256
28.427481,40,21799.831629
27.271363,40,21806.521737
29.625982,40,22068.886918
30.294121,40,22075.5534
29.336701,40,22082.310082
29.620913,40,22089.059815
29.160815,40,22095.789247
28.91637,40,22102.502391
29.449704,40,22111.527316
30.595175,40,22371.635579
29.248199,40,22378.364563
27.916347,40,22385.091571
27.582926,40,22391.729242
29.314479,40,22398.398355
29.494148,40,22405.050365
28.760815,40,22667.428446
28.894015,40,22674.204485
29.360815,40,22680.9438
29.581145,40,22687.61634
28.916237,40,22694.277896
28.894148,40,22700.995844
29.494148,40,22709.972714
28.471926,40,22970.083527
28.449703,40,22976.807408
29.870427,40,22983.556788
29.33857,40,22990.227215
29.664036,40,22996.916198
27.449704,40,23003.552782
29.427481,40,23265.901448
29.160815,40,23272.675053
27.825954,40,23279.373816
27.516237,40,23286.086108
29.405259,40,23292.82726
29.027477,40,23299.496071
28.159971,40,23306.187447
28.553801,40,23568.547109
29.360815,40,23575.312267
29.248195,40,23581.995339
30.55931,40,23588.708872
30.294148,40,23595.410543
27.605259,40,23602.052967
29.494148,40,23611.041729
28.733201,40,23871.143878
26.694148,40,23877.938473
1.687948,3,23878.446587
29.316351,40,23885.148121
29.73347,40,23891.756005
29.093459,40,23898.427638
29.360815,40,23905.045288
31.222527,40,24167.344831
17.092644,24,24171.382357
29.338459,40,24178.121474
27.092146,40,24184.83157
29.906484,40,24191.554834
28.557588,40,24198.248054
26.849703,40,24204.908381
29.205259,40,24467.282628
29.160815,40,24474.035527
28.39865,40,24480.667866
28.760814,40,24487.331281
29.071792,40,24494.046493
29.360815,40,24500.804094
28.293349,40,24509.768034
29.382349,40,24769.905374
30.247676,40,24776.593299
29.492644,40,24783.292847
29.383037,40,24789.985692
29.360666,40,24796.699899
3.293345,5,24797.522126
28.360815,40,24804.230367
29.493558,40,25066.577167
29.227481,40,25073.358331
29.291586,40,25080.078038
29.360815,40,25086.747509
27.094148,40,25093.433713
29.405259,40,25100.123758
29.894148,40,25109.086522
29.31637,40,25369.326087
29.403621,40,25376.012451
30.381145,40,25382.692974
29.338592,40,25389.3799
29.494148,40,25396.072262
29.447397,40,25402.749824
27.913607,40,25411.877421
29.802295,40,25672.004033
31.736701,40,25678.701531
29.360815,40,25685.377875
29.11637,40,25692.021116
29.622083,40,25698.643659
29.360815,40,25705.300324
27.781012,40,25967.744099
29.049703,40,25974.461074
16.017022,20,25977.875012
29.315659,40,25984.539014
28.092256,40,25991.307172
30.335332,40,25997.997636
29.294015,40,26004.638655
29.894148,40,26267.08457
28.427481,40,26273.823383
28.537088,40,26280.503244
4.976509,7,26281.678371
28.827458,40,26288.32792
28.338303,40,26295.004529
28.845083,40,26301.661135
29.315682,40,26310.70695
27.271925,40,26570.735147
28.916237,40,26577.430699
29.049703,40,26584.117478
29.294148,40,26590.802941
29.494148,40,26597.456247
29.360815,40,26604.233418
26.760681,40,26865.619754
28.805255,40,26872.418301
29.31637,40,26879.14195
29.270399,40,26885.869292
28.605259,40,26892.586012
29.6482,40,26899.264914
29.31637,40,26905.984592
29.181377,40,27167.321219
29.023002,40,27174.05888
29.360815,40,27180.759895
30.092229,40,27187.504564
28.693369,40,27194.18032
30.153442,40,27200.960009
27.538558,40,27209.957701
27.114733,40,27470.073841
27.025977,40,27476.766562
29.182904,40,27483.475415
26.738592,40,27490.123934
29.357681,40,27496.865609
29.627481,40,27503.677455
28.336381,40,27768.650747
29.247142,40,27775.389189
28.405259,40,27782.055605
29.60386,40,27788.716408
29.515571,40,27795.318375
27.005126,40,27802.116031
28.227348,40,27811.118476
27.560814,40,28071.085471
29.57977,40,28077.816784
28.960799,40,28084.493231
29.027481,40,28091.180668
26.760814,40,28097.915962
29.471925,40,28104.570261
30.048176,40,28366.864102
28.871792,40,28373.615653
29.205259,40,28380.317766
29.933194,40,28386.979061
27.358535,40,28393.647595
30.28881,40,28400.422784
29.136035,40,28409.443898
28.38151,40,28669.490761
27.556122,40,28676.336876
28.538592,40,28683.127698
29.360815,40,28689.797881
29.2497,40,28696.55444
29.403755,40,28703.221349
30.067165,40,28965.430379
28.560122,40,28972.255651
26.91637,40,28978.912942
30.294011,40,28985.629466
27.689691,40,28992.364438
27.605103,40,28999.121834
29.316369,40,29005.825313
29.137904,40,29268.205493
29.027481,40,29274.94161
30.712411,40,29281.674366
29.00457,40,29288.441708
29.397243,40,29295.195174
29.360815,40,29301.886298
29.760815,40,29310.900978
29.003043,40,29570.898443
29.427481,40,29577.589689
29.760815,40,29584.294471
29.425977,40,29591.03541
29.315682,40,29597.69325
29.336701,40,29604.445285
27.738592,40,29652.174879
26.805259,40,29658.876744
29.160815,40,29665.51914
28.405259,40,29672.405962
28.735326,40,29681.310052
8.532529,12,29683.333417
28.803758,40,29690.035005
29.071926,40,29696.739645
30.713488,40,29871.299866
29.471363,40,29878.005724
30.249704,40,29884.721678
28.225589,40,29891.537447
28.73635,40,29898.242398
26.826793,40,29907.247009
27.908253,40,30167.253478
29.005126,40,30174.004623
27.31637,40,30180.710546
27.603238,40,30187.470553
26.694148,40,30194.202571
28.754063,40,30200.912843
28.805258,40,30209.900666
28.649704,40,30469.999763
27.494037,40,30476.703037
26.894148,40,30483.37284
29.760815,40,30490.136053
27.560815,40,30496.891181
26.783037,40,30503.630443
27.560815,40,30512.689392
30.403368,40,30765.735638
29.201866,40,30772.459078
28.9829,40,30779.265361
29.360815,40,30785.886992
29.383014,40,30792.598874
27.449704,40,30799.819244
26.694148,40,31070.662899
28.91363,40,31077.442692
29.205259,40,31084.232103
29.10259,40,31090.893783
28.667618,40,31097.62813
26.892644,40,31104.33391
29.605259,40,31371.314051
30.560815,40,31378.025616
29.360815,40,31384.780269
28.314287,40,31391.526649
26.805236,40,31398.253851
23.393902,31,31403.478337
27.553949,40,31412.499584
29.248905,40,31568.104403
26.825977,40,31574.838256
29.360815,40,31581.557928
27.605259,40,31588.262615
29.11637,40,31594.897075
29.294135,40,31603.894998
29.381529,40,31668.589452
28.983036,40,31675.341032
28.983037,40,31682.079063
29.536108,40,31688.812545
29.114868,40,31697.88122
27.871926,40,31704.634967
29.492644,40,31711.441405
29.492644,40,31971.562293
28.471793,40,31978.272567
29.093459,40,31985.053477
28.938592,40,31991.75293
29.627481,40,31998.605146
29.381533,40,32007.603818
29.205122,40,32267.580871
11.627481,16,32270.391136
29.227481,40,32277.085254
28.847812,40,32283.836027
29.422675,40,32290.502868
27.093349,40,32297.21305
29.025027,40,32306.068621
28.249704,40,32312.869639
27.871926,40,32573.010459
26.71637,40,32579.747211
29.315682,40,32586.482137
29.315682,40,32593.21055
26.694148,40,32599.954856
29.405258,40,32609.018823
28.071926,40,32868.035133
28.738592,40,32874.835053
27.160815,40,32881.623848
7.55931,11,32883.458388
26.71637,40,32890.086216
29.225566,40,32896.734286
28.470288,40,32904.109142
27.649015,40,32912.455016
28.82557,40,33172.522693
29.271903,40,33179.289472
27.649015,40,33185.981583
29.424123,40,33192.720492
29.601992,40,33199.397539
27.004461,40,33208.41003
27.583037,40,33468.45812
28.649567,40,33475.19605
29.2497,40,33482.002881
28.827481,40,33488.670505
15.605259,22,33492.319933
26.849704,40,33499.015828
27.094148,40,33508.026633
27.027481,40,33768.066259
29.360815,40,33774.88672
28.848176,40,33781.612892
28.11178,40,33788.328558
30.536108,40,33795.074334
29.04957,40,33801.779673
29.471926,40,33810.776066
29.360815,40,34070.869047
27.02559,40,34077.636089
28.891481,40,34084.320916
29.360815,40,34090.975407
28.556355,40,34097.698791
30.000544,40,34104.932864
29.494148,40,34113.399064
27.427481,40,34373.572634
27.471926,40,34380.235606
30.091799,40,34386.911026
26.738592,40,34393.572381
28.205259,40,34400.232904
30.691011,40,34409.26784
29.336701,40,34669.346367
29.005126,40,34676.105291
29.492644,40,34682.865609
28.735922,40,34689.597042
29.027481,40,34696.329484
27.805258,40,34703.026113
29.404571,40,34971.986772
29.625982,40,34978.768865
29.494148,40,34985.453255
29.360815,40,34992.069997
30.227481,40,34998.799675
28.981145,40,35007.823731
29.627481,40,35268.647577
27.782326,40,35275.433628
29.360815,40,35282.230469
26.982904,40,35288.926768
27.538569,40,35295.616906
29.405254,40,35302.323749
26.805255,40,35311.284532
29.494148,40,35570.311906
26.738592,40,35577.137295
29.183037,40,35583.825266
29.471926,40,35590.489153
28.160815,40,35597.171068
29.336701,40,35603.820281
27.094147,40,35612.819719
29.360815,40,35871.9721
29.580582,40,35878.906436
28.960251,40,35885.691106
26.737904,40,35892.389538
29.226792,40,35899.065832
29.071922,40,35908.100602
29.494148,40,36168.094546
2.116233,4,36168.808289
29.271903,40,36175.62233
28.114871,40,36182.344882
29.4249,40,36189.04785
29.160815,40,36195.758619
29.249704,40,36202.474806
29.446345,40,36211.478329
30.226794,40,36471.594245
29.04968,40,36478.370461
29.689101,40,36485.037205
29.360815,40,36491.713607
29.225977,40,36498.399643
29.605236,40,36505.07032
27.760019,40,36767.430695
31.788086,40,36774.186532
28.801686,40,36780.895489
28.91637,40,36787.568327
29.533394,40,36794.247986
26.871925,40,36800.935288
28.910386,40,36809.914212
29.269901,40,36991.962146
29.470034,40,36998.713256
28.047808,40,37005.486503
27.982348,40,37012.266129
28.916347,40,37019.070829
29.092256,40,37028.135896
28.760122,40,37034.900974
28.405259,40,37072.990255
28.383037,40,37079.704443
29.627481,40,37088.965498
28.713818,40,37098.323014
29.315682,40,37105.026393
29.360815,40,37111.880494
29.624164,40,37372.2049
29.205255,40,37378.936798
29.160126,40,37385.655965
29.247789,40,37392.409567
28.580582,40,37399.133401
29.360815,40,37408.14221
28.82543,40,37542.212036
29.338592,40,37548.998809
29.360815,40,37555.742888
29.627481,40,37562.476022
29.360815,40,37569.194727
27.11637,40,37578.23517
29.470034,40,37584.967014
29.336701,40,37591.67909
29.271792,40,37598.427861
27.249015,40,37605.168674
29.183037,40,37611.900507
27.049703,40,37618.635419
29.494148,40,37625.323351
28.138592,40,37632.060593
29.494148,40,37638.773199
30.005259,40,37645.429341
30.248878,40,37652.051038
28.735166,40,37658.71967
27.671926,40,37668.513726
29.071926,40,37677.679926
29.11294,40,37684.48994
30.560815,40,37691.495266
27.914866,40,37698.469555
28.827481,40,37705.460449
29.203345,40,37712.381369
26.694148,40,37972.602149
29.494148,40,37979.439447
30.731651,40,37986.132054
26.783037,40,37992.882956
29.071883,40,37999.742104
30.160034,40,38008.751557
29.336701,40,38268.800216
29.870034,40,38275.599921
29.470403,40,38282.351926
26.783037,40,38289.097913
29.049703,40,38295.740197
2.938569,5,38296.610702
29.602519,40,38567.509669
28.783033,40,38574.354653
29.227481,40,38581.113411
29.625982,40,38587.780122
29.360107,40,38594.484355
29.225457,40,38601.255252
27.694148,40,38610.327819
29.494148,40,38869.458896
27.071214,40,38876.142698
27.693554,40,38882.940506
29.247142,40,38889.68749
19.981562,28,38894.398646
29.31637,40,38901.094757
30.294148,40,38910.119223
29.336701,40,39170.283381
