#{"t_start": 1765345706.6353946, "env_id": "merge-v0"}
r,l,t
3.345926,4,2.012522
6.21413,7,2.200371
4.028298,5,2.304119
6.231716,7,2.468783
4.207037,5,2.604314
7.54218,9,2.828691
9.55113,12,3.125233
9.170638,11,3.380573
10.556992,13,3.653852
13.196458,15,4.016462
5.220343,6,4.194792
4.006741,5,4.330075
5.817957,7,4.471366
8.278341,11,4.679667
8.049612,10,4.89259
6.072724,7,5.091251
6.414136,8,5.291447
4.373704,5,5.436762
11.985592,16,5.788469
6.722757,8,5.946517
9.061111,10,6.147878
3.99462,5,6.249119
6.425542,8,6.431564
6.853857,8,6.649439
4.037134,5,6.763823
6.98939,8,6.987217
6.932436,8,7.166234
6.992889,8,7.344247
6.891833,8,7.529301
8.020686,10,7.744912
7.412149,9,8.019582
5.206925,6,8.154382
9.783378,11,8.412714
7.988394,9,8.615207
6.77653,8,8.792344
5.151367,6,8.964638
13.91179,16,9.349391
7.774827,9,9.549785
11.113455,15,9.892068
5.233431,6,10.022214
3.252945,4,10.113869
4.850501,6,10.240542
5.027883,6,10.376131
4.171844,5,10.488129
10.602982,14,10.795754
6.838072,8,11.022805
14.444836,16,11.46484
3.366667,4,11.551895
6.000164,7,11.722961
12.300679,14,12.026601
3.987991,5,12.122864
12.252945,14,12.43444
9.181815,11,12.683231
7.691329,9,12.907935
4.148188,5,13.017983
5.708714,7,13.162947
5.979535,7,13.307431
5.700518,7,13.464245
5.768688,7,13.638052
12.080318,16,14.126294
10.903049,14,14.434975
6.737991,8,14.610476
11.635875,16,14.956164
4.070283,5,15.07686
12.986615,16,15.467807
13.300679,15,15.810597
11.373575,13,16.098474
11.239536,12,16.343991
5.933835,7,16.506875
5.850366,7,16.68228
7.151369,8,16.901801
5.999902,7,17.25961
9.61602,12,17.51371
6.042639,7,17.682277
10.558877,14,18.031748
10.317658,12,18.39729
14.245123,16,18.849122
4.181074,5,19.004546
9.213386,11,19.358949
4.180416,5,19.49823
5.960036,7,19.70756
6.799746,8,19.969153
9.873634,12,20.386227
6.794095,8,21.354177
10.582046,12,21.866635
15.134012,17,22.496434
13.516106,16,23.325301
3.264612,4,23.5303
6.837433,8,23.893676
7.532074,9,24.3442
4.111216,5,24.74396
14.076502,16,25.637226
11.902536,16,26.408456
13.5834,15,27.124262
7.627434,10,27.642589
12.383616,17,30.227435
11.167708,13,30.601197
13.707852,16,31.038006
12.868879,16,31.42151
12.432429,16,31.943362
11.535655,13,32.352911
13.495066,15,32.793888
11.482657,14,33.246556
12.86671,15,33.812899
8.63437,11,34.314809
7.331156,9,34.590417
7.38599,9,34.883072
14.557847,17,35.342717
6.396068,8,35.58196
13.509561,15,36.058385
12.189172,17,36.5576
10.531894,14,37.028892
15.106234,17,37.585629
11.967586,16,38.134808
8.215571,10,38.412703
11.780913,14,38.768113
12.222431,15,39.06719
14.874241,17,39.409958
15.041185,17,39.752782
14.791185,17,40.089229
13.265828,16,40.4279
8.885444,11,40.757037
6.123704,7,41.033467
14.900674,17,41.498082
12.439172,17,41.969473
13.604361,16,42.327888
11.73587,16,42.760752
12.263315,16,43.175609
10.996147,13,43.455974
12.122534,16,43.800859
13.7216,16,44.133439
10.786909,13,44.439796
15.134012,17,44.810926
12.243514,14,45.129573
13.169611,15,45.460001
7.67343,9,45.696357
14.745123,17,46.080737
14.634012,17,46.418613
11.985545,16,46.753381
8.635755,10,46.977297
14.372619,16,47.370006
14.689568,17,47.788489
12.568148,14,48.086599
14.160443,17,48.441751
14.058555,17,48.808616
14.939568,17,49.204972
4.166619,5,49.317683
14.217346,16,49.674741
13.659509,15,50.112332
14.884012,17,50.506397
13.668958,16,50.856998
10.188859,12,51.104159
11.856197,16,51.496061
12.332981,16,51.936577
5.680103,7,52.103781
14.058499,17,52.534033
13.624518,16,52.954817
11.003444,13,53.384233
12.270753,15,54.511166
15.050679,17,54.886899
14.66179,17,55.278784
9.475697,13,55.640344
12.605839,17,56.038713
9.289793,11,56.310056
5.636776,7,56.459562
12.191106,16,56.783764
13.761785,16,57.134864
15.078457,17,57.490116
12.152259,16,57.867343
11.995039,16,58.330014
12.022864,16,58.750585
14.346741,17,59.173527
12.135873,16,59.6129
13.983683,16,60.050537
14.606234,17,60.54051
13.676172,15,60.860062
14.335624,16,61.211634
12.383616,17,61.591796
15.189568,17,61.946217
15.217068,17,62.314436
12.411394,17,62.735451
14.939568,17,63.090488
14.467346,17,63.494306
12.551932,15,63.84165
14.048741,17,64.242501
15.134012,17,64.672106
13.448741,16,65.001795
13.92916,17,65.378346
14.430994,17,65.791897
15.055947,17,66.30249
15.011785,17,66.679789
12.113365,16,67.059488
14.799057,17,67.586442
14.91179,17,67.978603
12.578061,17,68.364154
13.910116,17,68.728405
7.96984,11,68.978583
11.219208,16,69.404563
12.261748,16,69.74856
15.244846,17,70.124608
14.38368,16,70.435772
14.439243,16,70.738346
15.021279,17,71.084895
12.289201,16,71.396111
15.067063,17,71.749743
12.328013,17,72.156126
14.555947,16,72.489424
11.941153,16,72.8247
12.47704,15,73.141665
15.022901,17,73.491386
14.917058,17,73.841468
15.096741,17,74.206017
12.133975,16,74.560929
14.91179,17,75.023095
12.689172,17,75.382509
7.948642,10,75.594072
12.689172,17,76.022917
12.161753,16,76.374427
15.022901,17,76.770391
12.46695,17,77.211643
14.437288,16,77.65994
14.439568,17,78.148825
15.207852,17,78.569947
11.004359,13,78.875797
13.449262,16,79.197464
12.363041,16,79.515897
12.707456,17,79.855241
11.604228,17,80.23926
15.23563,17,80.651757
12.21695,17,81.072141
12.355839,17,81.448305
12.280032,16,81.786402
15.189568,17,82.168198
15.021279,17,82.524379
12.633292,17,82.865487
10.021275,14,83.187811
12.161753,16,83.540206
14.050679,16,83.970752
12.74445,17,84.344771
12.411394,17,84.742492
15.178174,17,85.145205
14.91179,17,85.492069
12.30781,16,85.833253
12.576161,17,86.303213
12.374123,17,87.381096
14.409833,16,87.707197
5.00481,6,87.836396
14.884012,17,88.197119
14.705952,17,88.56552
12.633292,17,88.892227
7.535864,9,89.05775
12.466672,17,89.390471
14.91179,17,89.717876
6.375002,8,89.919302
14.555947,16,90.243018
14.967346,17,90.614477
13.126947,16,90.976748
12.550283,17,91.31011
12.111112,15,91.636812
14.555947,16,91.979012
12.633616,17,92.319413
12.383616,17,92.771459
12.633339,17,93.142626
12.17999,16,93.636271
14.884012,17,94.017942
12.031932,16,94.377889
15.134012,17,94.679251
12.661394,17,95.012252
8.349161,10,95.193301
12.661394,17,95.577781
15.134012,17,95.909503
14.300679,17,96.258801
11.974152,16,96.564068
12.391143,16,96.881624
14.446736,16,97.197731
14.974513,17,97.550292
14.472614,16,97.89947
14.884012,17,98.344887
11.724144,16,98.722894
12.161753,16,99.25838
12.439172,17,99.718096
12.124481,16,100.197164
10.857488,13,100.477925
14.550679,17,100.851798
14.11353,17,101.201205
11.782987,15,101.56452
14.345114,17,101.912649
11.782987,15,102.279202
13.419086,16,102.650919
12.383616,17,102.987999
14.689568,17,103.299198
14.967346,17,103.614453
12.661394,17,103.932003
11.332717,14,104.27675
12.633616,17,104.60629
12.383616,17,104.941107
14.474513,16,105.269813
12.71695,17,105.586925
12.605839,17,105.898428
14.6128,16,106.206389
15.106234,17,106.551219
15.189568,17,106.941795
12.216928,16,107.282001
12.661394,17,107.652053
15.124518,17,108.033892
14.592839,16,108.36421
14.38239,17,108.729976
13.58763,16,109.06401
14.474236,16,109.448464
15.189568,17,109.80812
15.178174,17,110.151114
10.811365,13,110.422727
12.022817,16,110.819804
15.16179,17,111.161244
12.74445,17,111.564813
12.548383,17,111.885032
10.804211,15,112.23869
12.383616,17,112.556336
12.438895,17,112.891612
11.885875,16,113.201731
12.050642,16,113.509495
15.217068,17,113.953073
10.14257,14,114.31112
14.245066,16,114.780926
13.598484,16,115.289674
12.603939,17,115.703954
14.939568,17,116.126407
14.38437,17,116.499317
12.689172,17,116.865194
15.189568,17,117.250122
14.73373,17,117.731365
12.300317,16,118.261793
12.633616,17,118.723129
15.022901,17,119.118735
12.689172,17,120.183932
13.634012,16,120.541813
12.355839,17,120.882599
15.14118,17,121.218167
15.16179,17,121.529855
15.050679,17,121.872666
14.467346,17,122.274096
10.457405,14,122.605111
14.002943,17,122.971495
14.417058,16,123.317239
12.716902,17,123.682593
11.354633,15,124.004485
12.522458,17,124.34889
15.317063,17,124.762853
12.439172,17,125.128164
14.555622,16,125.516309
14.955952,17,125.869562
14.472614,16,126.24056
15.078457,17,126.580781
13.300679,15,126.919518
10.465559,13,127.243387
12.49445,17,127.626428
13.947388,17,128.04464
12.022864,16,128.448
15.189568,17,128.888257
15.189568,17,129.382022
14.578457,17,129.793478
12.689172,17,130.134377
14.300679,17,130.483454
12.439172,17,130.867414
13.826519,16,131.209296
14.16961,17,131.594161
14.363402,16,131.968372
12.411117,17,132.33828
12.696863,15,132.677145
13.891832,17,133.023912
14.993501,17,133.469609
12.74468,17,134.057249
12.578061,17,134.439891
14.245123,17,134.835881
15.217346,17,135.158097
12.74468,17,135.513479
12.522505,17,135.831378
14.550679,17,136.157078
14.528169,16,136.505919
15.16179,17,136.832019
13.260111,16,137.133021
14.23805,17,137.447228
13.185994,16,137.749454
12.439125,17,138.065952
12.74468,17,138.387352
13.891832,17,138.735527
15.189568,17,139.120607
15.134012,17,139.458941
14.495066,16,139.80537
13.929438,17,140.139194
14.689568,17,140.484913
12.580513,17,140.832586
12.189531,16,141.141934
15.134012,17,141.482049
12.74468,17,141.879259
5.774818,7,142.012782
15.16179,17,142.352885
12.661394,17,142.69212
15.215723,17,143.038484
15.134012,17,143.391524
12.244727,17,143.747383
15.189568,17,144.148392
12.46695,17,144.525704
12.716902,17,144.836099
12.022505,17,145.19906
12.522505,17,145.510828
12.189531,16,145.805425
12.661394,17,146.135668
13.939568,16,146.429405
14.328457,17,146.793337
14.73563,17,147.157628
12.689172,17,147.546305
6.24412,8,147.723977
12.689172,17,148.101846
10.91999,14,148.387136
14.252943,17,148.749968
15.134012,17,149.191051
13.468331,17,149.565403
14.528169,16,150.011712
15.16179,17,150.352702
12.605791,17,150.67622
15.189568,17,151.001666
14.550679,17,151.339483
15.335624,17,151.706789
12.689172,17,152.107672
13.523887,17,153.132982
12.316971,16,153.475296
13.787274,15,153.772866
12.661394,17,154.117844
15.16179,17,154.439795
14.884012,17,154.914747
15.106234,17,155.245784
15.261785,17,155.79876
15.23563,17,156.353225
12.189172,17,156.779109
12.689172,17,157.246011
15.16179,17,157.62765
14.995123,17,158.002681
15.189568,17,158.461662
14.354279,16,158.840331
13.412776,17,159.229879
15.16179,17,159.821189
14.428174,16,160.242659
11.744727,17,160.593585
15.078457,17,160.962519
15.189568,17,161.327929
12.411394,17,161.685593
12.855525,15,161.961119
12.46695,17,162.375412
12.689172,17,162.717449
11.189926,14,163.001968
14.967346,17,163.334458
12.71695,17,163.671027
14.592839,16,164.005027
13.805947,16,164.334715
14.995123,17,164.688711
15.022901,17,165.110914
10.913043,13,165.371388
12.790742,17,165.743607
12.661394,17,166.253972
12.689172,17,166.756793
15.16179,17,167.201125
13.633376,17,167.648617
15.189568,17,168.063876
15.134012,17,168.518946
14.717346,17,168.893536
12.689172,17,169.251547
14.439568,17,169.645522
13.551665,17,170.013344
12.335587,16,170.312932
15.189568,17,170.666327
15.23563,17,171.057799
12.689172,17,171.368889
13.808499,17,171.684499
15.16179,17,172.02673
12.689172,17,172.370475
14.995123,17,172.782888
12.74445,17,173.126486
12.689172,17,173.467494
14.606234,17,173.933416
12.633616,17,174.36402
14.689568,17,174.72554
15.189568,17,175.182778
12.689172,17,175.727658
12.191145,16,176.153905
15.16179,17,176.644866
15.16179,17,177.051748
12.495123,15,177.450985
13.384998,17,177.846017
14.48563,17,178.206468
12.689172,17,178.575233
15.335624,17,178.959848
14.994846,17,179.303427
14.995123,17,179.652208
15.189568,17,180.076141
12.244727,17,180.453698
15.207852,17,180.839752
14.41179,17,181.208417
15.189568,17,181.60872
15.078457,17,181.978193
14.550679,17,182.394336
14.883735,17,182.781326
12.300283,17,183.182549
12.689172,17,183.530601
14.465399,16,183.943454
14.884012,17,184.333016
11.996661,16,184.67406
15.189568,17,185.003962
15.106234,17,186.037792
14.583677,16,186.46791
12.689172,17,186.825007
15.16179,17,187.184257
12.633616,17,187.547702
14.91179,17,187.900727
15.243501,17,188.263773
14.384012,17,188.705096
15.022901,17,189.113258
11.663653,16,189.534219
12.689172,17,189.931122
12.689172,17,190.377701
12.040789,17,190.820096
14.328179,17,191.24057
14.300679,17,191.656151
15.189568,17,192.061506
15.16179,17,192.49224
15.050679,17,192.871515
14.384012,17,193.207134
15.189568,17,193.538988
14.328457,17,193.861797
12.522505,17,194.204355
15.16179,17,194.589066
10.031221,12,194.849883
15.189568,17,195.290454
13.947388,17,195.638647
10.846294,14,195.91137
12.689172,17,196.247099
12.689172,17,196.645724
14.745123,17,197.035817
15.245115,17,197.368585
12.661394,17,197.726538
11.246986,16,198.178794
15.16179,17,198.601179
15.189568,17,198.996303
12.71695,17,199.364657
15.344841,17,199.749856
14.502014,16,200.113106
13.715389,15,200.449106
12.689172,17,200.952919
12.689172,17,201.410542
14.541185,17,201.801352
14.356234,17,202.134849
12.743105,17,202.457466
15.134012,17,202.817035
9.001574,12,203.051618
15.16179,17,203.383656
12.439172,17,203.710491
13.947388,17,204.177162
15.189568,17,204.511514
12.689172,17,204.857005
12.661394,17,205.217465
14.446736,16,205.549175
13.522901,16,205.854534
12.605839,17,206.261537
15.106234,17,206.737514
13.606593,16,207.079243
15.23563,17,207.554303
15.106234,17,208.060946
15.189568,17,208.468973
15.23563,17,208.918426
15.16179,17,209.291347
12.661394,17,209.679692
15.16179,17,210.136118
12.689172,17,210.483867
15.189568,17,210.817622
15.23373,17,211.157865
12.633616,17,211.492333
15.189568,17,211.819089
11.76337,16,212.115481
15.134012,17,212.49342
12.661394,17,212.833362
14.356234,17,213.261293
15.050679,17,213.615177
14.41179,17,213.967555
14.856234,17,214.299595
15.189568,17,214.732952
15.189568,17,215.129379
12.661394,17,215.587785
12.578061,17,215.952672
15.16179,17,216.337342
15.134012,17,216.745006
15.189568,17,217.10724
15.022901,17,217.461379
15.050679,17,217.893626
15.106234,17,218.916956
14.271001,16,219.308811
12.689172,17,219.669763
14.689568,17,220.126651
15.134012,17,220.489005
15.261785,17,220.88728
14.300679,17,221.283305
15.289563,17,221.680912
12.661394,17,222.121329
12.689172,17,222.513382
15.189568,17,222.876597
14.467346,17,223.227832
14.561414,17,223.579483
14.606234,17,223.93303
12.689172,17,224.267437
12.828067,14,224.555068
14.068078,17,225.00359
14.550632,17,225.372536
15.189568,17,225.705975
13.725666,17,226.073745
15.289563,17,226.415628
15.23563,17,226.757094
14.550679,17,227.069381
12.743105,17,227.426537
12.689172,17,227.834615
15.078457,17,228.263392
14.576834,17,228.594978
15.189568,17,228.902846
14.094841,16,229.233331
14.522901,17,229.582837
14.717346,17,229.942156
14.472614,16,230.437624
15.16179,17,230.847466
14.566739,16,231.256129
12.661394,17,231.622082
14.745123,17,232.00066
12.633616,17,232.374443
12.689172,17,232.748301
12.689172,17,233.130418
15.078457,17,233.581755
14.967346,17,234.040815
15.134012,17,234.384901
15.189568,17,234.737421
15.189568,17,235.187229
14.428174,16,235.616433
15.16179,17,236.0003
12.024431,16,236.405281
15.189568,17,236.777997
15.050679,17,237.118262
15.050679,17,237.475033
15.134012,17,237.814101
15.189568,17,238.151712
12.46695,17,238.508113
12.689172,17,238.927475
12.605791,17,239.371183
12.689172,17,239.765786
12.633616,17,240.105178
15.189568,17,240.523307
15.189568,17,240.954464
15.16179,17,241.323276
12.689172,17,241.697124
15.317063,17,242.157393
15.189568,17,242.516457
14.567063,17,242.871006
12.689172,17,243.262117
12.133616,17,243.628826
15.189568,17,243.956285
12.689172,17,244.315405
14.094841,16,244.657082
14.328457,17,245.084858
14.689568,17,245.43463
15.207852,17,245.886861
14.472566,16,246.261608
12.90404,15,246.599714
15.189568,17,247.029696
12.439172,17,247.385885
10.540738,14,247.681329
12.689172,17,248.138921
14.550679,17,248.605433
12.689172,17,249.016441
14.828457,17,249.417193
12.689172,17,249.809879
12.689172,17,250.209797
15.23563,17,250.588805
12.689172,17,251.658647
14.418958,16,251.977439
15.189568,17,252.335848
12.74468,17,252.704862
12.689172,17,253.050456
12.689172,17,253.420431
12.689172,17,253.819266
14.439568,17,254.229883
14.511785,17,254.714841
13.468331,17,255.142354
12.689172,17,255.570614
15.134012,17,256.038571
12.661394,17,256.411016
15.078457,17,256.804905
13.634012,16,257.223483
14.058499,17,257.605226
12.661394,17,257.952202
15.344841,17,258.347267
14.133735,16,258.684478
12.605839,17,259.044727
12.68755,17,259.373538
12.605839,17,259.689265
12.633616,17,259.996623
12.661394,17,260.393258
12.689172,17,260.724233
12.605839,17,261.059812
15.261508,17,261.377389
15.289563,17,261.701948
15.078457,17,262.040456
15.189568,17,262.38477
14.300345,16,262.699111
15.16179,17,263.082664
15.207852,17,263.454367
14.622619,17,263.793158
15.078457,17,264.177854
14.900397,17,264.527472
14.745123,17,264.906668
12.661394,17,265.262648
15.134012,17,265.684034
12.790742,17,266.019547
12.689172,17,266.352065
12.689172,17,266.686881
15.16179,17,267.011461
13.690554,17,267.328278
12.661394,17,267.650255
14.772901,17,267.995534
15.134012,17,268.364535
12.689172,17,268.68751
15.189568,17,269.012699
14.356234,17,269.351717
12.689172,17,269.675437
14.994846,17,270.009394
15.152296,17,270.352024
15.189568,17,270.773161
14.856187,17,271.127344
15.23563,17,271.493219
12.661394,17,271.857416
15.189568,17,272.203904
15.189568,17,272.604878
10.974383,13,272.857426
14.620672,16,273.18722
15.243501,17,273.598806
12.689172,17,273.959471
13.752943,17,274.316197
12.689172,17,274.721278
15.217346,17,275.086172
15.16179,17,275.402081
14.66179,17,275.723586
14.634012,17,276.057791
12.022505,17,276.412961
15.189568,17,276.718113
12.661394,17,277.126619
15.078457,17,277.491362
15.050679,17,277.887189
14.455952,17,278.311432
15.189568,17,278.689874
15.16179,17,279.086054
12.383616,17,279.434576
15.189568,17,279.844826
14.455897,16,280.228027
12.281932,16,280.622483
12.689172,17,281.00254
15.307847,17,281.361535
11.994727,17,281.697972
12.661394,17,282.198525
12.689172,17,282.552894
12.689172,17,282.891555
15.289563,17,283.221066
14.550345,16,283.615569
14.509885,16,284.629917
15.16179,17,285.027684
15.189568,17,285.452311
15.289563,17,285.783928
12.661394,17,286.112753
12.689172,17,286.433479
12.716902,17,286.762623
12.21695,17,287.114299
12.661394,17,287.454203
14.384012,17,287.82847
12.689172,17,288.222994
15.234007,17,288.571967
12.661394,17,288.923662
14.41179,17,289.363724
15.23563,17,289.821058
15.189568,17,290.160587
12.46695,17,290.514316
12.689172,17,291.001713
12.689172,17,291.330277
12.689172,17,291.629421
12.689172,17,291.931218
12.661394,17,292.332952
15.189568,17,292.703956
14.356234,17,293.042717
12.689172,17,293.364525
12.689125,17,293.825577
15.23563,17,294.191321
15.078457,17,294.559152
12.689125,17,294.98819
12.235592,16,295.4229
14.465399,16,295.850979
12.661394,17,296.216882
15.134012,17,296.610559
12.689172,17,297.036494
14.481783,16,297.407756
15.298779,17,297.796743
11.836777,14,298.085288
11.994727,17,298.436438
12.689172,17,298.789302
15.050679,17,299.268316
12.689172,17,299.849408
15.189568,17,300.238542
14.455952,16,300.55614
15.189568,17,300.920129
14.428127,16,301.232634
15.189568,17,301.581501
15.289563,17,302.001416
15.189568,17,302.354335
13.661154,17,302.778308
14.446736,16,303.21951
12.71695,17,303.582387
15.390903,17,303.995911
11.939172,17,304.454423
14.828457,17,304.902227
12.689172,17,305.274877
12.689172,17,305.706394
12.578061,17,306.133054
15.16179,17,306.552998
15.189568,17,307.031633
15.189568,17,307.425191
15.189568,17,307.868792
12.689172,17,308.22585
11.939172,17,308.664358
12.74468,17,309.153853
13.801665,17,309.49384
15.189568,17,309.826908
15.189568,17,310.218307
12.522505,17,310.540623
12.235592,16,310.950016
12.439172,17,311.403558
14.465399,16,311.830012
12.789167,17,312.292508
14.492899,16,312.648107
12.689172,17,312.991808
15.289563,17,313.395692
12.735234,17,313.728042
14.372619,16,314.092733
14.437621,16,314.457313
13.90166,17,314.882751
15.189568,17,315.378086
15.078457,17,315.778315
10.960272,13,316.063633
15.335624,17,316.427801
15.189568,17,317.462722
15.189568,17,317.846179
15.189568,17,318.243743
15.344841,17,318.675808
12.689172,17,318.997188
12.689172,17,319.396352
15.244846,17,319.80144
12.689172,17,320.283837
15.189568,17,320.716426
15.335624,17,321.110235
14.455952,16,321.503438
15.189568,17,321.928583
13.773887,17,322.269777
12.689172,17,322.655897
15.261508,17,323.010263
15.189568,17,323.409189
15.289563,17,323.761955
12.689172,17,324.098494
15.189568,17,324.522897
15.189568,17,324.851032
12.291101,16,325.151773
12.439172,17,325.496602
15.16179,17,325.817706
11.939172,17,326.128828
12.661394,17,326.442165
15.23563,17,326.837942
15.189568,17,327.266655
15.106234,17,327.660675
15.189568,17,328.021648
12.689172,17,328.367212
15.189568,17,328.748104
12.689172,17,329.120138
12.689172,17,329.477782
12.689172,17,329.840725
15.189568,17,330.252647
12.74468,17,330.695207
14.328457,17,331.126193
14.994846,17,331.501008
12.634998,16,331.838212
14.439243,16,332.174628
15.23563,17,332.562031
12.550283,17,332.966388
12.74468,17,333.30306
12.689172,17,333.702982
15.022901,17,334.185015
12.689172,17,334.529708
15.261785,17,334.952185
15.189568,17,335.343549
15.207852,17,335.842901
12.689172,17,336.345964
15.189568,17,336.69726
15.189568,17,337.116458
15.16179,17,337.580555
15.189568,17,337.949433
15.189568,17,338.308222
13.523887,17,338.654815
12.689172,17,339.066806
15.189568,17,339.428033
12.689172,17,339.787897
14.384012,17,340.131718
15.289563,17,340.51201
12.661394,17,340.927766
14.828457,17,341.346817
15.16179,17,341.722781
15.189568,17,342.116283
15.161513,17,342.562629
15.16179,17,342.961752
14.603955,16,343.319467
13.864054,17,343.659374
15.189568,17,344.002072
14.058499,17,344.343054
15.189568,17,344.757118
15.189568,17,345.167821
12.689172,17,345.650941
14.994846,17,346.061012
12.689172,17,346.422871
15.189568,17,346.825329
14.356234,17,347.206131
12.689172,17,347.623756
15.189568,17,348.107079
12.689172,17,348.488175
12.689172,17,348.931531
12.689172,17,349.267543
15.078457,17,350.268506
15.16179,17,350.637288
15.050679,17,350.97564
15.189568,17,351.362036
12.689172,17,351.701983
15.189568,17,352.093514
12.689172,17,352.515789
12.661394,17,352.913553
14.592894,16,353.288324
12.689172,17,353.708724
12.689172,17,354.128141
15.189568,17,354.61585
12.689172,17,355.003237
15.189568,17,355.461212
12.689172,17,355.850823
12.689172,17,356.206122
12.689172,17,356.586533
14.465399,16,356.956598
15.16179,17,357.295105
14.372619,16,357.690826
15.207852,17,358.003926
15.189568,17,358.301507
14.522901,17,358.606935
15.189568,17,358.92205
14.467346,17,359.288018
13.891832,17,359.661512
15.189568,17,360.082567
12.689172,17,360.458968
12.689172,17,360.801006
12.689172,17,361.261948
14.565393,16,361.640183
12.689172,17,362.030024
15.207852,17,362.449462
15.189568,17,362.825441
15.244846,17,363.297792
15.344841,17,363.750948
15.23563,17,364.17612
15.050679,17,364.567146
14.328457,17,364.924945
15.134012,17,365.354733
12.226099,16,365.712222
12.689172,17,366.165864
12.74445,17,366.503543
15.050679,17,366.919683
12.078061,17,367.258662
15.189568,17,367.578615
12.74468,17,367.902683
15.16179,17,368.258504
12.689172,17,368.60465
15.189568,17,369.0709
12.661394,17,369.442016
15.335624,17,369.817364
14.565393,16,370.194076
15.289563,17,370.594815
15.16179,17,371.059184
11.775764,15,371.432566
12.439172,17,371.784106
10.08042,12,372.075429
15.217346,17,372.416093
12.844445,17,372.836587
12.689172,17,373.191471
15.289563,17,373.598014
15.289563,17,373.983819
14.446736,16,374.288589
15.207852,17,374.680167
14.328457,17,374.994279
12.689172,17,375.301691
15.022901,17,375.714338
12.74468,17,376.062983
15.16179,17,376.397907
14.528122,16,376.740763
14.745123,17,377.092121
12.689172,17,377.481706
15.022901,17,377.896473
15.189568,17,378.342638
14.522567,16,378.741017
15.050679,17,379.130645
15.245123,17,379.54369
15.189568,17,379.966979
13.495482,16,380.303578
12.661394,17,380.684024
15.16179,17,381.03204
15.189568,17,381.390639
12.74468,17,381.811499
14.995123,17,382.168666
12.235234,17,383.10796
15.189568,17,383.47345
14.002943,17,383.874326
12.689172,17,384.179006
14.481783,16,384.51933
15.189568,17,384.878598
12.689172,17,385.279657
12.661394,17,385.642354
12.689172,17,385.981672
15.298779,17,386.324176
12.844445,17,386.726493
15.189568,17,387.182701
15.189568,17,387.596465
15.189568,17,388.006496
15.189568,17,388.381034
12.689172,17,388.734182
15.189568,17,389.085404
12.633616,17,389.490586
12.689172,17,389.854401
15.050679,17,390.187675
15.23563,17,390.525395
12.689172,17,390.856388
15.189568,17,391.183879
12.661394,17,391.535933
15.189568,17,391.849088
14.884012,17,392.223961
15.106234,17,392.535942
12.661394,17,392.870701
15.189568,17,393.264124
12.689172,17,393.582932
12.226376,16,393.916515
15.289563,17,394.313065
12.661394,17,394.765841
15.189568,17,395.2282
12.689172,17,395.726932
12.689172,17,396.092188
15.189568,17,396.45653
15.189568,17,396.880408
15.189568,17,397.248492
15.189568,17,397.60683
12.578061,17,397.980891
15.022901,17,398.288301
15.189568,17,398.680978
15.189568,17,399.043025
15.335624,17,399.428992
12.689172,17,399.741711
12.689172,17,400.068425
15.050679,17,400.37167
15.189568,17,400.739625
12.689172,17,401.071231
14.800679,17,401.409679
15.189568,17,401.815814
15.16179,17,402.23608
15.189568,17,402.606612
12.689172,17,402.97843
15.16179,17,403.545102
12.74468,17,403.995779
15.189568,17,404.445655
12.689172,17,404.848357
14.828457,17,405.312036
15.189568,17,405.671082
15.16179,17,406.063067
15.16179,17,406.549143
14.606234,17,407.070344
15.189568,17,407.423329
15.23563,17,407.807413
12.438895,17,408.142622
15.23563,17,408.49542
12.689172,17,408.879211
15.189568,17,409.285303
12.689172,17,409.751112
15.189568,17,410.175213
15.344841,17,410.600346
12.761389,17,410.982489
10.960272,13,411.301319
15.189568,17,411.698874
15.189568,17,412.094367
12.689172,17,412.491328
12.661394,17,412.905224
14.884012,17,413.255376
15.189568,17,413.664902
9.272037,11,413.974391
15.23563,17,414.408442
15.189568,17,414.743777
12.689172,17,415.101304
15.23563,17,416.145047
15.189568,17,416.562484
15.050679,17,416.914107
12.207815,16,417.2849
15.189568,17,417.67921
15.189568,17,418.082351
12.689172,17,418.500934
12.689172,17,418.914874
14.745123,17,419.305562
15.289563,17,419.644729
12.689172,17,419.99009
15.189568,17,420.410846
14.772901,17,420.800205
12.74468,17,421.127008
12.689172,17,421.481535
15.106234,17,421.80935
15.189568,17,422.235087
15.189568,17,422.630424
12.689172,17,423.006976
12.689172,17,423.352324
15.189568,17,423.688014
12.689172,17,424.011975
15.189568,17,424.370779
12.74468,17,424.780203
15.189568,17,425.100462
15.189568,17,425.419153
12.689172,17,425.764266
12.689172,17,426.228537
14.495123,17,426.666854
14.495123,17,427.133097
13.773887,17,427.527024
15.23563,17,427.925945
12.599161,15,428.314685
15.189568,17,428.666757
12.689172,17,429.032737
14.900397,17,429.365772
12.689172,17,429.722163
12.689172,17,430.084027
12.689172,17,430.432379
15.106234,17,430.810055
15.189568,17,431.131046
15.189568,17,431.43588
15.106234,17,431.781919
14.41179,17,432.126939
14.634012,17,432.457579
12.689172,17,432.779352
15.16179,17,433.165322
12.689172,17,433.491245
12.74468,17,433.857791
15.134012,17,434.20382
15.189568,17,434.566118
15.189568,17,434.944854
15.189568,17,435.31654
15.189568,17,435.673164
15.189568,17,436.101766
15.189568,17,436.508731
10.832282,16,436.89855
14.772901,17,437.277244
15.16179,17,437.648218
15.189568,17,438.035321
15.050679,17,438.392434
12.689172,17,438.807693
15.189568,17,439.164296
15.16179,17,439.552816
15.050679,17,439.926765
15.189568,17,440.282974
15.189568,17,440.609036
12.550283,17,440.939958
15.189568,17,441.274875
13.468331,17,441.671217
15.189568,17,442.010934
15.050679,17,442.365367
15.189568,17,442.786744
12.689172,17,443.179252
15.189568,17,443.608769
14.594841,17,443.975006
12.661394,17,444.387409
12.689172,17,444.797868
13.746109,17,445.259356
15.106234,17,445.695503
15.189568,17,446.062176
12.689172,17,446.480343
12.689172,17,446.831202
14.66179,17,447.151443
15.344841,17,447.508324
15.189568,17,447.82552
12.689172,17,448.735678
12.689172,17,449.119112
12.689172,17,449.474371
14.455952,16,449.78999
12.689172,17,450.171253
12.661394,17,450.568117
12.689172,17,450.980033
15.106234,17,451.406229
14.356234,17,451.779291
12.71695,17,452.159997
12.689172,17,452.604221
12.689172,17,452.961858
14.844841,17,453.403977
15.189568,17,453.810004
15.189568,17,454.182189
15.106234,17,454.657967
12.274431,16,455.003913
15.189568,17,455.355566
11.952531,14,455.70762
15.189568,17,456.083197
11.078457,13,456.361438
14.495123,17,456.75873
15.189568,17,457.086899
14.578457,17,457.507941
12.689172,17,457.910444
15.16179,17,458.258561
12.689172,17,458.657194
12.633616,17,459.020517
12.689172,17,459.406337
15.189568,17,459.733512
12.689172,17,460.131167
15.344841,17,460.491673
15.189568,17,460.862307
15.189568,17,461.270084
12.689172,17,461.706886
12.689172,17,462.075627
12.689172,17,462.462237
12.689172,17,462.881355
15.050679,17,463.22164
15.050679,17,463.577642
12.689172,17,463.889354
15.189568,17,464.202281
12.689172,17,464.525631
12.689172,17,464.838952
15.189568,17,465.295938
15.289563,17,465.656693
12.689172,17,466.018685
12.689172,17,466.442468
15.16179,17,466.83285
15.106234,17,467.197524
12.689172,17,467.549373
12.689172,17,467.941274
15.189568,17,468.39085
15.23563,17,468.803662
15.289563,17,469.196234
12.74468,17,469.560393
14.772901,17,469.942394
15.23563,17,470.302509
12.689172,17,470.671392
14.606234,17,471.109831
12.689172,17,471.488825
12.383569,17,471.822286
12.689172,17,472.156675
12.835229,17,472.532082
15.106234,17,472.892715
15.189568,17,473.20089
12.689172,17,473.606888
12.689172,17,473.942796
15.23563,17,474.291066
13.773887,17,474.690284
12.689172,17,475.086592
15.16179,17,475.437029
15.050679,17,475.818781
12.689172,17,476.176946
15.16179,17,476.637518
14.465399,16,477.007547
12.661394,17,477.437568
12.689172,17,477.813206
15.189568,17,478.200294
15.189568,17,478.560359
14.856234,17,478.955459
12.689172,17,479.381121
12.689172,17,479.686912
15.106234,17,480.020565
15.050679,17,480.331886
15.189568,17,480.671142
15.189568,17,481.63962
15.189568,17,481.953178
15.022901,17,482.27256
15.189568,17,482.684692
15.289563,17,483.062427
12.661394,17,483.416528
12.133616,17,483.77711
14.91179,17,484.144516
15.189568,17,484.484398
15.189568,17,484.869372
11.063642,13,485.132687
15.289563,17,485.557333
12.21695,17,485.909359
15.189568,17,486.399272
15.189568,17,486.784862
13.579443,17,487.135117
12.689172,17,487.592596
15.289563,17,487.992441
12.689172,17,488.452976
15.189568,17,488.852945
15.189568,17,489.238662
12.689172,17,489.576192
15.207852,17,489.944426
12.689172,17,490.312899
12.689172,17,490.659844
12.661394,17,490.981064
15.189568,17,491.421849
12.689172,17,491.761976
12.689172,17,492.128612
15.189568,17,492.518313
14.569178,17,492.966776
12.633616,17,493.314271
15.050679,17,493.690638
15.189568,17,494.184163
12.689172,17,494.599228
15.106234,17,494.984729
15.189568,17,495.368355
15.189568,17,495.729995
14.328457,17,496.101319
13.829443,17,496.43657
12.661394,17,496.754759
12.689172,17,497.111969
12.022505,17,497.436669
15.189568,17,497.736029
15.189568,17,498.056347
15.390903,17,498.375986
12.689172,17,498.680565
15.189568,17,498.979014
12.689172,17,499.391321
15.189568,17,499.729187
12.689172,17,500.091883
12.689172,17,500.532921
12.689172,17,500.952339
15.189568,17,501.41499
12.689172,17,501.790939
12.689172,17,502.206753
15.189568,17,502.75491
15.289563,17,503.101041
15.189568,17,503.512957
12.689172,17,503.889904
12.689172,17,504.258843
15.189568,17,504.57964
12.689172,17,504.9088
12.689172,17,505.34655
12.689172,17,505.6607
12.661394,17,506.020094
14.772901,17,506.349405
12.789167,17,506.670534
12.689172,17,507.038688
12.689172,17,507.382734
15.189568,17,507.849205
15.189568,17,508.247111
15.189568,17,508.650202
15.189568,17,509.049564
15.189568,17,509.432571
12.689172,17,509.807939
12.689172,17,510.190265
15.189568,17,510.538462
12.689172,17,510.967547
12.689172,17,511.302548
15.189568,17,511.681167
14.532074,17,512.071571
12.689172,17,512.438079
12.689172,17,512.780686
12.689172,17,513.113116
12.689172,17,513.4299
12.689172,17,514.400024
12.689172,17,514.726457
12.689172,17,515.087284
12.689172,17,515.447066
14.058499,17,515.786832
12.689172,17,516.136242
15.289563,17,516.534523
12.689172,17,516.982487
12.689172,17,517.324437
12.689172,17,517.640253
12.689172,17,518.116089
12.661394,17,518.550056
12.689172,17,518.974214
12.689172,17,519.357799
15.189568,17,519.700753
12.689172,17,520.148932
15.189568,17,520.591236
15.189568,17,520.974955
15.189568,17,521.396049
15.189568,17,521.787825
15.189568,17,522.210319
13.579443,17,522.55144
15.189568,17,522.96263
12.189125,17,523.382355
12.74468,17,523.770018
15.189568,17,524.126498
15.189568,17,524.478668
12.689172,17,524.904508
12.689172,17,525.264349
12.689172,17,525.63196
15.289563,17,526.124107
12.689172,17,526.555921
12.689172,17,526.894056
15.23563,17,527.258525
12.689172,17,527.603087
15.189568,17,527.980878
12.689172,17,528.362803
15.189568,17,528.812535
12.689172,17,529.138035
12.689172,17,529.467366
15.16179,17,529.860436
12.689172,17,530.22388
15.189568,17,530.570193
12.689172,17,530.91995
12.689172,17,531.243427
15.189568,17,531.628998
12.689172,17,532.003917
12.689172,17,532.376113
12.689172,17,532.757819
15.16179,17,533.107019
14.578457,17,533.442835
12.689172,17,533.796172
15.189568,17,534.216399
15.23563,17,534.627349
15.189568,17,534.982788
12.661394,17,535.337513
12.578061,17,535.672482
15.050679,17,536.02509
15.189568,17,536.361667
14.356234,17,536.80402
12.74445,17,537.270327
13.801665,17,537.673719
15.189568,17,538.085073
15.189568,17,538.565987
14.772901,17,539.019946
15.189568,17,539.482386
12.689172,17,539.880592
15.189568,17,540.295514
12.689172,17,540.730974
12.383616,17,541.128092
12.689172,17,541.524037
15.189568,17,541.880536
15.189568,17,542.251582
15.344841,17,542.614176
15.189568,17,543.031382
12.557974,15,543.486007
12.689172,17,543.880148
12.689172,17,544.280725
15.189568,17,544.746578
12.689172,17,545.112125
15.106234,17,545.423911
15.189568,17,545.800962
15.050679,17,546.125172
12.689172,17,546.517184
10.086777,12,547.374361
12.689172,17,547.770092
15.16179,17,548.173914
15.289563,17,548.545006
14.439568,17,548.959988
12.689172,17,549.379834
12.689172,17,549.763664
15.106234,17,550.15046
12.689172,17,550.512573
15.189568,17,550.898945
15.189568,17,551.248811
15.16179,17,551.590377
15.189568,17,551.936214
12.689172,17,552.359531
15.16179,17,552.806587
12.689172,17,553.160149
15.189568,17,553.520468
15.189568,17,553.86229
12.689172,17,554.174592
12.689172,17,554.532837
15.189568,17,554.893847
12.689172,17,555.196357
12.762964,17,555.564731
12.689172,17,555.865752
15.189568,17,556.172038
12.689172,17,556.501531
15.189568,17,556.833469
15.189568,17,557.189062
12.689172,17,557.532638
15.16179,17,557.974571
15.23563,17,558.367287
13.596104,17,558.745349
12.078061,17,559.084437
15.189568,17,559.429067
15.189568,17,559.792906
12.439172,17,560.12492
15.189568,17,560.450533
12.689172,17,560.880957
15.16179,17,561.282824
12.689172,17,561.641726
15.189568,17,562.011026
15.189568,17,562.37242
12.689172,17,562.741168
13.85722,17,563.092315
12.866914,17,563.495561
12.689172,17,563.898123
12.245039,16,564.197338
15.16179,17,564.517234
12.689172,17,564.843891
15.189568,17,565.20335
15.189568,17,565.576861
15.050679,17,565.976902
12.689172,17,566.52445
15.189568,17,566.917788
15.23563,17,567.293501
12.689172,17,567.667753
12.661394,17,568.0763
15.189568,17,568.433616
15.189568,17,568.799898
12.689172,17,569.203645
15.189568,17,569.643687
12.74445,17,569.972147
15.189568,17,570.330068
14.995123,17,570.673083
15.189568,17,570.980186
12.689172,17,571.357097
15.189568,17,571.716039
12.689172,17,572.154945
12.689172,17,572.560287
14.567063,17,572.909642
13.773887,17,573.341003
12.891308,16,573.683629
15.050679,17,574.044987
15.189568,17,574.443223
15.022901,17,574.839249
12.689172,17,575.187076
12.689172,17,575.548777
15.106234,17,575.869717
12.689172,17,576.208094
14.745123,17,576.614019
15.189568,17,576.977563
12.078061,17,577.378971
15.289563,17,577.856013
15.189568,17,578.163056
15.189568,17,578.466385
15.261508,17,578.822078
12.689172,17,579.222083
15.106234,17,580.200328
14.66179,17,580.574483
14.141832,17,581.009466
12.689172,17,581.429121
15.189568,17,581.773189
15.050679,17,582.109415
12.364555,15,582.428117
15.16179,17,582.887933
13.773887,17,583.27934
15.189568,17,583.68402
12.689172,17,584.247499
12.689172,17,584.625833
12.689172,17,585.05524
15.189568,17,585.467232
15.189568,17,585.828386
15.189568,17,586.272994
12.689172,17,586.610416
12.661394,17,587.007477
12.46695,17,587.396469
12.689172,17,587.789804
15.23563,17,588.176569
15.106234,17,588.567341
12.689172,17,588.940239
12.689172,17,589.378505
12.689172,17,589.788476
15.106234,17,590.231757
15.106234,17,590.580409
12.689172,17,590.995227
14.828457,17,591.386135
15.189568,17,591.724317
15.189568,17,592.123831
15.106234,17,592.490377
12.689172,17,592.838449
12.689172,17,593.283844
15.207852,17,593.672322
15.16179,17,594.1641
15.106234,17,594.549348
12.689172,17,594.881505
14.634012,17,595.308882
13.829443,17,595.681833
12.689172,17,596.182717
15.050679,17,596.563892
12.689172,17,596.938187
14.706229,17,597.312001
12.689172,17,597.752717
12.689172,17,598.177249
12.132226,15,598.553203
12.74468,17,598.96205
15.050679,17,599.428035
12.689172,17,599.797009
14.745123,17,600.138128
12.689172,17,600.485839
15.022901,17,600.865608
12.689172,17,601.231616
12.689172,17,601.589592
12.689172,17,602.057373
15.189568,17,602.500188
15.189568,17,602.868157
12.689172,17,603.240482
15.189568,17,603.699505
14.995123,17,604.071856
12.689172,17,604.472199
15.189568,17,605.076605
15.189568,17,605.653612
15.344841,17,606.028436
15.050679,17,606.398451
14.745123,17,606.803825
15.050679,17,607.15765
15.317063,17,607.510504
15.189568,17,607.879533
12.661394,17,608.219441
15.189568,17,608.701648
12.689172,17,609.134171
14.495123,17,609.586442
12.661394,17,609.989828
12.689172,17,610.37225
12.689172,17,610.768344
12.689172,17,611.223359
15.189568,17,611.672026
15.289563,17,612.045789
13.468331,17,613.051616
15.106234,17,613.451189
15.189568,17,613.830388
15.189568,17,614.229864
13.736615,17,614.627564
15.189568,17,615.005765
15.106234,17,615.418775
12.689172,17,615.803593
14.995123,17,616.148032
12.689172,17,616.495456
12.689172,17,616.863832
15.289563,17,617.215799
15.189568,17,617.549313
12.689172,17,617.988428
15.189568,17,618.332659
14.772901,17,618.669305
15.106234,17,619.015925
15.106234,17,619.342095
14.800679,17,619.672457
13.856234,17,620.022629
14.141832,17,620.452084
12.689172,17,620.897705
12.689172,17,621.269471
15.106234,17,621.616134
15.189568,17,621.960038
12.689172,17,622.311769
15.189568,17,622.659903
15.189568,17,623.013809
14.522901,17,623.42705
12.689172,17,623.771553
15.261508,17,624.114923
12.82971,16,624.453457
12.689172,17,624.801689
14.455952,16,625.120185
12.689172,17,625.477344
12.689172,17,625.867226
12.689172,17,626.360594
15.16179,17,626.847638
15.189568,17,627.345201
15.189568,17,627.828631
12.689172,17,628.285011
15.050679,17,628.821731
15.106234,17,629.225526
13.773887,17,632.433068
12.689172,17,633.275413
13.605273,17,634.129518
15.078457,17,634.904384
12.689172,17,635.708548
15.050679,17,636.55056
12.689172,17,637.14184
12.689172,17,637.578729
15.189568,17,638.113071
15.298779,17,638.593691
15.335624,17,639.084058
15.189568,17,639.555592
15.289563,17,640.020202
12.689172,17,640.567695
15.050679,17,641.081207
12.689172,17,641.639772
12.689172,17,642.118225
12.689172,17,642.60084
15.189568,17,643.080975
12.457456,17,643.537831
15.289563,17,643.987215
14.439568,17,644.432782
13.912776,17,644.857628
15.189568,17,645.891962
12.689172,17,646.215735
15.106234,17,646.529228
15.189568,17,646.884274
12.689172,17,647.273109
15.189568,17,647.649123
15.16179,17,648.063991
15.050679,17,648.469939
12.689172,17,648.808613
15.23563,17,649.167888
15.16179,17,649.504976
13.801665,17,649.841066
15.189568,17,650.180027
13.773887,17,650.517055
12.689172,17,650.906539
15.106234,17,651.394204
13.85722,17,651.784281
15.23563,17,652.179585
13.940554,17,652.488423
15.106234,17,652.871646
15.106234,17,653.251901
14.772901,17,653.642747
12.689172,17,653.991945
12.689172,17,654.419373
15.189568,17,654.837751
15.189568,17,655.205685
12.689172,17,655.563901
15.050679,17,655.903585
15.189568,17,656.265078
14.911513,17,656.635254
14.578457,17,657.048827
10.912148,13,657.295137
14.578457,17,657.707192
12.689172,17,658.063047
12.689172,17,658.414895
14.91179,17,658.84452
12.689172,17,659.206784
15.106234,17,659.597877
12.022505,17,660.037015
15.189568,17,660.374208
12.689172,17,660.71883
15.189568,17,661.125719
15.344841,17,661.448585
15.189568,17,661.820052
15.189568,17,662.14474
11.925798,14,662.421339
15.189568,17,662.885875
12.689172,17,663.271355
15.189568,17,663.644613
15.189568,17,664.081743
12.689172,17,664.465289
15.16179,17,664.868712
12.689172,17,665.249023
12.689172,17,665.661928
12.661394,17,666.019698
14.578457,17,666.472235
15.050679,17,666.937624
14.800679,17,667.40031
12.261389,17,667.77344
12.689172,17,668.133829
15.189568,17,668.50419
12.689172,17,668.956423
15.289563,17,669.331836
13.690554,17,669.685152
15.189568,17,670.058364
12.689172,17,670.406649
12.689172,17,670.740633
15.189568,17,671.106241
15.022901,17,671.496545
15.317063,17,671.83026
12.689172,17,672.177074
15.189568,17,672.491462
12.689172,17,672.817626
12.689172,17,673.167961
12.689172,17,673.510647
15.050679,17,673.855
14.772901,17,674.233152
15.189568,17,674.586449
15.16179,17,674.920726
15.050679,17,675.25623
12.689172,17,675.613727
15.16179,17,675.951252
12.689172,17,676.270391
15.106234,17,676.663573
12.689172,17,676.96384
15.289563,17,677.265457
11.96695,17,677.576818
15.189568,17,677.889311
15.189568,17,678.798031
15.189568,17,679.106472
14.717346,17,679.414557
12.689172,17,679.78938
15.189568,17,680.16126
14.606234,17,680.500101
12.689172,17,680.820457
15.189568,17,681.206642
15.189568,17,681.557405
15.189568,17,681.907474
12.198598,16,682.292047
15.189568,17,682.621796
15.189568,17,682.955137
14.66179,17,683.296268
15.189568,17,683.627566
12.689172,17,683.968642
15.16179,17,684.301356
15.335624,17,684.637779
12.105839,17,685.069646
12.74468,17,685.367304
12.74468,17,685.692118
12.689172,17,686.001518
15.189568,17,686.322654
14.761508,17,686.641346
15.106234,17,686.944511
12.689172,17,687.29785
12.689172,17,687.602758
15.335624,17,687.953122
14.522901,17,688.283273
12.689172,17,688.670564
14.550679,17,689.030672
15.189568,17,689.36679
15.189568,17,689.701589
15.289563,17,690.075581
12.689172,17,690.403589
15.189568,17,690.769876
12.661394,17,691.100091
12.689172,17,691.480559
11.036909,13,691.795332
15.189568,17,692.140532
13.800042,17,692.544575
12.689172,17,692.96075
15.189568,17,693.309605
12.689172,17,693.661466
15.189568,17,694.054832
15.050679,17,694.390737
15.23563,17,694.809925
12.689172,17,695.153608
12.689172,17,695.545159
12.689172,17,695.935793
15.289563,17,696.322081
12.689172,17,696.673921
14.734007,17,697.023595
12.689172,17,697.354028
15.189568,17,697.720309
14.141832,17,698.086534
13.801665,17,698.529593
15.189568,17,698.88205
15.189568,17,699.265563
12.689172,17,699.687868
12.689172,17,700.081905
15.106234,17,700.475254
14.280721,17,700.821048
12.689172,17,701.176507
15.189568,17,701.50303
13.912776,17,701.810478
15.106234,17,702.122387
12.689172,17,702.450716
15.189568,17,702.769245
15.189568,17,703.069073
12.689172,17,703.37568
15.289563,17,703.736111
14.197388,17,704.065953
15.189568,17,704.407212
15.189568,17,704.756099
15.189568,17,705.085302
12.689172,17,705.434243
12.689172,17,705.77383
15.23563,17,706.164541
15.189568,17,706.503589
14.884012,17,706.850074
12.689172,17,707.170001
15.189568,17,707.523163
15.189568,17,707.848977
15.16179,17,708.203366
15.261785,17,708.547651
12.689172,17,708.922647
12.689172,17,709.213609
15.189568,17,709.548926
15.078457,17,709.861089
15.189568,17,710.169187
15.289563,17,710.496132
12.689172,17,710.814604
12.689172,17,711.797139
14.884012,17,712.098576
12.661394,17,712.412352
15.16179,17,712.747991
15.189568,17,713.08569
15.189568,17,713.422475
15.189568,17,713.754937
15.189568,17,714.080129
12.689172,17,714.48299
12.689172,17,714.811345
15.050679,17,715.150466
12.689172,17,715.517967
12.689172,17,715.846714
15.189568,17,716.181067
12.689172,17,716.50855
15.289563,17,716.913068
15.189568,17,717.363864
12.689172,17,717.741757
15.189568,17,718.051071
15.16179,17,718.354576
12.689172,17,718.696577
14.995123,17,719.002929
12.689172,17,719.31058
15.23563,17,719.68537
12.661394,17,719.990671
12.689172,17,720.29531
12.689172,17,720.627749
12.689172,17,720.954406
14.772901,17,721.290026
12.689172,17,721.669288
15.189568,17,722.077805
12.689172,17,722.433887
15.106234,17,722.818527
14.995123,17,723.153951
12.689172,17,723.485986
15.189568,17,723.832993
15.189568,17,724.171125
15.106234,17,724.53528
12.689172,17,724.922215
15.289563,17,725.258521
11.128809,16,725.636204
12.689172,17,726.106947
14.446736,16,726.548866
15.106234,17,726.955943
12.689172,17,727.37902
15.106234,17,727.797581
13.801037,17,728.249561
12.689172,17,728.644293
12.689172,17,729.083884
15.189568,17,729.531922
15.189568,17,729.980774
15.189568,17,730.389664
15.344841,17,730.831178
15.189568,17,731.330527
14.225165,17,731.80172
15.289563,17,732.257985
15.189568,17,732.692817
15.189568,17,733.104103
12.161394,17,733.558224
12.689172,17,734.039127
15.189568,17,734.441374
12.689172,17,734.864149
12.689172,17,735.207177
15.189568,17,735.557192
12.689172,17,735.887885
12.689172,17,736.215204
12.689172,17,736.576812
12.689172,17,736.941471
15.050679,17,737.348274
12.689172,17,737.705739
15.23563,17,738.067347
12.689172,17,738.468934
15.106234,17,738.876903
15.106234,17,739.342773
15.189568,17,739.748681
12.689172,17,740.151979
15.189568,17,740.650514
12.689172,17,741.036541
15.189568,17,741.49286
15.050679,17,741.912757
12.689172,17,742.293825
14.995123,17,742.671996
15.189568,17,743.069502
15.106234,17,743.486485
12.689172,17,744.486379
12.689172,17,744.82727
12.689172,17,745.224709
15.189568,17,745.616788
15.106234,17,746.013113
15.050679,17,746.467986
12.689172,17,746.860202
14.41179,17,747.344405
15.050679,17,747.765536
15.022901,17,748.158297
15.050679,17,748.573655
15.289563,17,748.979767
12.689172,17,749.382617
14.800679,17,749.791667
12.689172,17,750.241039
15.189568,17,750.652205
12.689172,17,751.014182
12.189568,15,751.337741
12.689172,17,751.746921
12.689172,17,752.167225
12.689172,17,752.556863
12.689172,17,752.95676
15.189568,17,753.392595
15.298779,17,753.75037
12.689172,17,754.210196
12.689172,17,754.609827
12.689172,17,755.021297
12.050283,17,755.437061
15.189568,17,755.844903
14.745123,17,756.248138
15.106234,17,756.734398
15.189568,17,757.157549
15.317063,17,757.524544
15.189568,17,757.911572
12.689172,17,758.316326
15.189568,17,758.707545
14.717346,17,759.061541
12.689172,17,759.516054
15.16179,17,759.908299
15.106234,17,760.285957
12.661394,17,760.643608
12.689172,17,760.996573
12.661394,17,761.409629
12.689172,17,761.820043
15.16179,17,762.194597
13.744487,17,762.759441
14.606234,17,763.131742
12.689172,17,763.579604
12.689172,17,763.999312
15.189568,17,764.481518
15.189568,17,764.9622
15.189568,17,765.385664
12.689172,17,765.851157
15.189568,17,766.247765
14.66179,17,766.666851
15.050679,17,766.981838
15.189568,17,767.306586
15.189568,17,767.650208
15.189568,17,767.998294
15.189568,17,768.322156
15.189568,17,768.716145
15.317063,17,769.049749
12.689172,17,769.415658
15.050679,17,769.78654
12.689172,17,770.118054
12.689172,17,770.556864
12.689172,17,770.960024
12.689172,17,771.332303
14.606234,17,771.784936
15.189568,17,772.225008
15.23563,17,772.598521
15.106234,17,773.138564
15.317063,17,773.565156
15.189568,17,773.905792
12.161394,17,774.336907
15.189568,17,774.789491
12.689172,17,775.157471
15.189568,17,775.460623
12.689172,17,775.785319
12.689172,17,776.175595
12.689172,17,777.130809
15.189568,17,777.469262
15.189568,17,777.900245
15.16179,17,778.312789
15.106234,17,778.646857
14.745123,17,779.001017
14.141832,17,779.427706
15.189568,17,779.896702
14.197388,17,780.242481
14.745123,17,780.587645
14.384012,17,781.008637
12.21695,17,781.390174
15.189568,17,781.805784
15.344841,17,782.242597
15.189568,17,782.593657
15.106234,17,782.970029
14.717346,17,783.524528
15.344841,17,784.022959
15.189568,17,784.382406
12.689172,17,784.723343
12.689172,17,785.059649
15.050679,17,785.362217
12.661394,17,785.678518
14.41179,16,786.036181
11.939172,17,786.370543
12.161394,17,786.762456
14.884012,17,787.113337
15.106234,17,787.456819
15.050679,17,787.787835
12.689172,17,788.138427
15.16179,17,788.549216
15.189568,17,788.942046
15.189568,17,789.398895
15.189568,17,789.785114
15.189568,17,790.240772
15.189568,17,790.663972
15.050679,17,791.108155
15.106234,17,791.504121
12.661394,17,791.910087
15.189568,17,792.303801
15.189568,17,792.773936
12.689172,17,793.148347
12.689172,17,793.540951
12.816944,17,793.870282
12.689172,17,794.258974
12.689172,17,794.673229
12.716902,17,795.045196
12.689172,17,795.47628
13.85722,17,795.875329
12.689172,17,796.261312
12.689172,17,796.681908
15.050679,17,797.10686
15.390903,17,797.508698
12.74468,17,797.907181
15.050679,17,798.334961
15.106234,17,798.854488
15.106234,17,799.276185
12.689172,17,799.661585
15.189568,17,800.041764
14.745123,17,800.446478
15.244846,17,800.820266
14.984007,17,801.212667
14.522901,17,801.589678
13.884998,17,802.049301
15.207852,17,802.419085
15.189568,17,802.78862
15.189568,17,803.195221
15.16179,17,803.567681
12.689172,17,803.983266
15.189568,17,804.406348
15.189568,17,804.887089
15.106234,17,805.269027
12.661394,17,805.670554
12.133616,17,806.063169
15.189568,17,806.489194
15.189568,17,806.88213
15.23563,17,807.329484
15.189568,17,807.723047
13.947388,17,808.169896
15.189568,17,808.568761
12.689172,17,808.963532
15.189568,17,809.328363
15.189568,17,810.330812
12.689172,17,810.701074
15.189568,17,811.049658
15.106234,17,811.425593
15.106234,17,811.815282
15.189568,17,812.251258
12.689172,17,812.708045
15.261785,17,813.147638
12.689172,17,813.630287
12.689172,17,814.052071
12.844445,17,814.463581
14.141832,17,814.976772
15.289563,17,815.385735
12.689172,17,815.779517
12.689172,17,816.207489
12.661394,17,816.631754
15.23563,17,817.111919
15.189568,17,817.546642
15.189568,17,817.944236
12.661394,17,818.296031
15.189568,17,818.638273
15.16179,17,819.010182
15.189568,17,819.394545
12.689172,17,819.716708
12.689172,17,820.032668
12.689172,17,820.364217
15.189568,17,820.793801
15.106234,17,821.181507
15.189568,17,821.572069
12.689172,17,822.09242
13.60722,17,822.506809
12.689172,17,822.997333
15.289563,17,823.363422
15.16179,17,823.818022
15.289563,17,824.165643
12.689172,17,824.503082
15.189568,17,824.853719
12.689172,17,825.206165
14.446736,16,825.546051
15.050679,17,825.890732
12.689172,17,826.226438
15.189568,17,826.624504
15.189568,17,827.08544
15.189568,17,827.433622
15.106234,17,827.77273
12.689172,17,828.237533
15.189568,17,828.696294
12.689172,17,829.122989
14.455952,16,829.563911
12.689172,17,829.950674
15.189568,17,830.364863
12.689172,17,830.852423
13.759553,15,831.209092
15.050679,17,831.592855
12.689172,17,831.951616
15.189568,17,832.330847
15.289563,17,832.91035
12.689172,17,833.310672
14.772901,17,833.635823
15.23563,17,833.969894
15.189568,17,834.282309
12.689172,17,834.614609
15.050679,17,834.975273
12.689172,17,835.379946
14.772901,17,835.796616
12.689172,17,836.162902
15.189568,17,836.516799
14.522901,17,836.873803
12.689172,17,837.203749
15.189568,17,837.555892
15.189568,17,837.8861
12.689172,17,838.269487
15.050679,17,838.599314
15.189568,17,838.95196
12.689172,17,839.304002
12.844445,17,839.680745
12.522505,17,840.008101
15.289563,17,840.374624
15.050679,17,840.717977
12.689172,17,841.131125
14.772901,17,841.509121
15.189568,17,841.848087
15.23563,17,842.228795
12.689172,17,843.188955
15.050679,17,843.535264
15.16179,17,843.894799
15.189568,17,844.255149
12.689172,17,844.598805
12.689172,17,844.922253
12.050283,17,845.242006
14.745123,17,845.638116
15.189568,17,846.033185
14.197388,17,846.36345
12.689172,17,846.7627
15.106234,17,847.241716
14.828457,17,847.690317
12.689172,17,848.052762
14.828457,17,848.45435
12.689172,17,848.869083
12.689172,17,849.217077
12.21695,17,849.541529
15.289563,17,849.934456
12.689172,17,850.249418
12.689172,17,850.580795
15.189568,17,850.924993
12.661394,17,851.249141
12.161394,17,851.587365
14.550679,17,851.924043
15.344841,17,852.351612
12.105839,17,852.839574
15.189568,17,853.235808
15.189568,17,853.624601
12.689172,17,854.053696
15.189568,17,854.404022
12.689172,17,854.777524
15.189568,17,855.163412
15.189568,17,855.598614
15.189568,17,855.976311
15.189568,17,856.31783
13.829443,17,856.698806
15.106234,17,857.057247
14.743224,17,857.395447
12.689172,17,857.740355
15.189568,17,858.079805
12.689172,17,858.462649
15.189568,17,858.810543
12.689172,17,859.150649
14.745123,17,859.585217
15.189568,17,859.939961
15.289563,17,860.307422
12.689172,17,860.660661
15.189568,17,861.054733
15.050679,17,861.418401
15.23563,17,861.768204
15.189568,17,862.100555
10.057974,12,862.354794
15.335624,17,862.709559
15.189568,17,863.04137
12.689172,17,863.350646
13.086787,17,863.77451
11.557578,17,864.097532
13.718331,17,864.441698
14.772901,17,864.802296
15.106234,17,865.152176
15.189568,17,865.486161
12.689172,17,865.824552
15.189568,17,866.159693
15.189568,17,866.503776
15.189568,17,866.816636
15.106234,17,867.132283
14.467013,16,867.500679
13.912776,17,867.8572
12.689172,17,868.197803
15.23563,17,868.585532
14.66179,17,869.034166
15.189568,17,869.374292
15.189568,17,869.755316
12.689172,17,870.088831
14.772901,17,870.438339
12.689172,17,870.789391
15.189568,17,871.146397
12.689172,17,871.532698
15.189568,17,871.947434
15.106234,17,872.35088
15.050679,17,872.726559
14.717346,17,873.111273
12.689172,17,873.536868
15.189568,17,873.882004
15.189568,17,874.199364
12.689172,17,874.626531
15.189568,17,874.974269
15.189568,17,876.121415
12.689172,17,876.447723
15.189568,17,876.832487
12.689172,17,877.25588
12.689172,17,877.636602
15.022901,17,877.991994
15.189568,17,878.427385
14.745123,17,878.768325
15.189568,17,879.125439
12.661394,17,879.452955
12.74445,17,879.806287
15.189568,17,880.175658
12.689172,17,880.506645
15.289563,17,880.918148
12.661394,17,881.264816
15.189568,17,881.592888
12.689172,17,881.925847
12.689172,17,882.285414
12.689172,17,882.613272
15.189568,17,882.961691
15.289563,17,883.288511
12.689172,17,883.639044
15.106234,17,883.931622
12.689172,17,884.263433
14.634012,17,884.589685
12.689172,17,884.907445
12.689172,17,885.223192
12.689172,17,885.551432
12.689172,17,885.932486
15.189568,17,886.276854
12.689172,17,886.603397
15.189568,17,886.931796
15.16179,17,887.274972
15.344841,17,887.61567
15.189568,17,887.942129
12.689172,17,888.271676
12.689172,17,888.662991
12.689172,17,889.03432
12.716672,17,889.362688
12.689172,17,889.727
15.289563,17,890.062352
15.189568,17,890.401909
15.189568,17,890.733239
14.995123,17,891.085257
15.23563,17,891.46231
15.189568,17,891.826268
15.189568,17,892.151014
12.689172,17,892.461868
12.689172,17,892.848723
12.689172,17,893.202296
15.189568,17,893.530881
12.689172,17,893.95128
12.689172,17,894.282557
15.189568,17,894.615287
12.689172,17,894.950598
15.344841,17,895.27411
15.344841,17,895.594897
15.189568,17,895.92089
15.289563,17,896.235905
15.189568,17,896.625821
15.106234,17,896.989327
12.689172,17,897.326078
15.289563,17,897.657088
12.689172,17,897.979596
12.689172,17,898.304356
15.189568,17,898.623292
12.689172,17,899.0135
12.689172,17,899.336395
11.828061,17,899.650614
12.689172,17,899.982483
15.189568,17,900.298428
12.689172,17,900.631368
15.106234,17,900.983437
15.189568,17,901.375743
15.050679,17,901.796586
14.66179,17,902.151947
15.106234,17,902.501799
15.189568,17,902.856458
14.465399,16,903.235642
15.189568,17,903.656277
12.689172,17,904.033024
15.050679,17,904.447173
15.189568,17,904.810977
14.995123,17,905.17249
15.189568,17,905.525677
15.298779,17,905.879678
15.189568,17,906.220783
15.23563,17,906.555857
12.689172,17,906.877506
14.772624,17,907.267066
12.689172,17,907.581744
14.828457,17,907.887908
9.215559,11,908.545995
15.189568,17,908.943411
15.344841,17,909.303988
14.967346,17,909.678621
12.689172,17,910.054804
15.189568,17,910.491905
14.772901,17,910.850313
14.995123,17,911.220747
12.689172,17,911.559565
12.844445,17,911.921122
12.689172,17,912.306716
15.16179,17,912.654191
15.344841,17,913.069252
15.106234,17,913.465993
15.189568,17,913.816433
15.189568,17,914.149311
15.189568,17,914.512954
12.689172,17,914.83393
12.74468,17,915.165366
14.446736,16,915.480236
14.384012,17,915.910332
15.189568,17,916.234084
12.689172,17,916.560965
15.189568,17,916.88194
12.21695,17,917.232964
13.523887,17,917.563782
12.689172,17,917.886046
15.189568,17,918.268608
15.189568,17,918.593534
15.050679,17,918.944475
12.689172,17,919.259077
15.189568,17,919.581888
12.105839,17,919.905607
12.689172,17,920.24719
14.550679,17,920.601585
12.689172,17,920.992984
14.578457,17,921.319504
15.189568,17,921.662117
15.16179,17,922.00263
15.189568,17,922.333544
15.189568,17,922.647672
12.689172,17,922.987232
15.23563,17,923.380567
14.578457,17,923.70899
15.23563,17,924.056316
15.189568,17,924.373322
12.689172,17,924.696807
12.689172,17,925.024513
15.189568,17,925.355527
15.16179,17,925.682923
15.050679,17,926.066103
15.189568,17,926.422512
15.189568,17,926.767269
14.772901,17,927.105439
15.189568,17,927.429693
15.344841,17,927.771448
12.689172,17,928.096133
15.189568,17,928.478213
14.717346,17,928.790831
15.189568,17,929.129568
15.106234,17,929.450532
12.689172,17,929.773205
15.289563,17,930.105757
12.050283,17,930.452353
12.689172,17,930.783493
14.522901,17,931.176215
12.689172,17,931.502543
12.689172,17,931.834653
14.772901,17,932.151992
15.344841,17,932.515415
13.690554,17,932.849313
12.689172,17,933.189055
12.689172,17,933.592588
12.689172,17,933.911744
12.689172,17,934.255933
12.689172,17,934.653367
15.050679,17,934.977437
12.689172,17,935.292404
12.689172,17,935.635828
15.022901,17,935.986364
15.050679,17,936.36901
12.689172,17,936.709526
12.789167,17,937.025312
15.23563,17,937.358486
15.189568,17,937.69254
12.689172,17,938.008599
14.522901,17,938.331898
14.66179,17,938.703087
12.689172,17,939.115971
12.689172,17,939.473081
12.689172,17,939.840319
12.689172,17,940.197291
12.789167,17,940.535781
12.689172,17,940.876386
15.189568,17,941.216863
15.189568,17,941.642344
14.66179,17,942.009557
15.16179,17,942.374423
15.050679,17,942.754028
15.050679,17,943.151471
12.689172,17,943.500402
15.189568,17,943.868248
15.106234,17,944.22725
15.23563,17,944.639196
15.16179,17,944.986925
15.189568,17,945.373512
15.189568,17,945.726652
15.16179,17,946.084716
15.189568,17,946.470558
15.189568,17,946.871491
15.344841,17,947.27921
15.050679,17,947.654265
14.706229,17,948.022746
15.189568,17,948.361809
12.689172,17,948.720084
12.161394,17,949.059801
15.16179,17,949.402896
12.689172,17,949.744681
15.189568,17,950.121802
13.746109,17,950.469294
12.689172,17,950.820561
15.050679,17,951.1844
13.85722,17,951.516505
12.078061,17,951.880887
15.289563,17,952.218413
15.189568,17,952.618862
15.189568,17,953.017356
12.689172,17,953.414215
12.689172,17,953.849411
15.050679,17,954.198542
12.689172,17,954.64734
15.189568,17,955.033688
15.050679,17,955.406621
12.689172,17,955.825893
15.050679,17,956.175475
14.141832,17,956.499179
15.189568,17,956.820704
12.689172,17,957.178886
11.925798,14,957.471503
12.316667,17,957.830682
15.23563,17,958.299258
15.16179,17,958.682641
12.689172,17,959.034387
15.189568,17,959.413431
12.689172,17,959.768047
10.818516,14,960.027997
15.106234,17,960.355588
12.689172,17,960.67979
15.050679,17,961.046008
12.689172,17,961.376015
12.689172,17,961.70387
15.189568,17,962.066664
15.189568,17,962.393167
12.689172,17,962.722982
12.689172,17,963.063195
13.773887,17,963.419297
12.689172,17,963.879352
15.189568,17,964.208448
12.689172,17,964.548633
12.689172,17,964.884672
12.689172,17,965.222845
12.689172,17,965.565338
15.189568,17,965.948237
12.689172,17,966.345068
15.106234,17,966.689563
12.661394,17,967.041404
15.189568,17,967.373182
13.773887,17,967.704437
15.050679,17,968.067124
15.189568,17,968.402862
12.133616,17,968.74104
15.23563,17,969.162834
15.189568,17,969.48322
12.689172,17,969.799937
12.689172,17,970.13256
12.689172,17,970.466276
12.661394,17,970.791442
12.689172,17,971.123314
12.689172,17,971.489929
12.689172,17,971.817136
12.689172,17,972.148023
15.189568,17,972.499331
15.189568,17,972.830191
15.390903,17,973.186585
12.689172,17,973.538813
12.689172,17,973.878463
15.289563,17,974.279054
12.661394,17,974.617893
15.16179,17,974.95417
15.189568,17,975.307718
15.189568,17,975.63554
15.189568,17,975.974808
15.106234,17,976.342126
15.289563,17,976.745916
15.189568,17,977.097443
14.745123,17,977.465229
12.689172,17,977.802994
12.689172,17,978.144073
15.106234,17,978.481093
15.189568,17,978.815893
15.189568,17,979.159665
15.189568,17,979.551406
12.689172,17,979.887439
12.689172,17,980.214917
12.689172,17,980.543605
15.189568,17,980.88718
12.689172,17,981.212876
15.189568,17,981.549686
15.106234,17,981.950413
15.189568,17,982.298515
15.189568,17,982.628971
15.23563,17,983.000433
15.189568,17,983.348488
15.189568,17,983.704784
15.289563,17,984.092885
15.189568,17,984.432911
12.689172,17,984.834021
15.189568,17,985.177541
15.050679,17,985.582894
15.344841,17,985.981053
14.717346,17,986.366219
14.66179,17,986.701952
12.689172,17,987.034412
12.161394,17,987.46146
15.289563,17,987.783397
14.66179,17,988.121032
15.289563,17,988.447142
12.689172,17,988.772203
12.74445,17,989.093343
12.689172,17,989.428673
12.689172,17,989.766994
15.189568,17,990.148939
12.689172,17,990.526149
15.189568,17,990.853783
15.189568,17,991.181195
15.189568,17,991.530581
15.189568,17,991.890506
15.189568,17,992.232582
15.189568,17,992.633098
12.689172,17,992.957371
14.939568,17,993.326369
15.189568,17,993.768475
15.050679,17,994.166593
15.189568,17,994.525915
15.050679,17,994.886154
15.23563,17,995.221811
15.16179,17,995.637588
15.050679,17,995.98846
15.050679,17,996.326166
14.828457,17,996.672377
15.189568,17,997.009536
13.884998,17,997.349088
15.261785,17,997.749011
15.289563,17,998.18069
12.689172,17,998.63859
15.189568,17,999.001877
15.050679,17,999.411874
15.106234,17,999.76907
15.289563,17,1000.170369
15.189568,17,1000.553441
12.689172,17,1000.901812
15.189568,17,1001.306706
12.689172,17,1001.619284
15.189568,17,1001.944932
14.40989,16,1002.288114
15.189568,17,1002.612834
12.689172,17,1002.935812
15.189568,17,1003.279183
15.189568,17,1003.63804
15.189568,17,1004.031376
15.189568,17,1004.359624
15.23563,17,1004.69469
14.41179,17,1005.02588
14.745123,17,1005.381253
15.106234,17,1005.762139
15.050679,17,1006.127129
15.050679,17,1006.547694
15.189568,17,1006.896401
15.106234,17,1007.250639
15.189568,17,1007.624648
15.189568,17,1007.982828
12.689172,17,1008.317743
15.16179,17,1008.650018
15.189568,17,1008.993929
15.289563,17,1009.393234
15.289563,17,1009.753685
15.189568,17,1010.105463
15.189568,17,1010.444693
12.689172,17,1010.791364
15.189568,17,1011.126256
15.16179,17,1011.464312
12.689172,17,1011.84657
11.96695,17,1012.176337
12.689172,17,1012.49983
15.189568,17,1012.8326
15.189568,17,1013.164229
15.106234,17,1013.509862
15.050679,17,1013.882931
15.289563,17,1014.242744
15.078457,17,1014.640417
12.689172,17,1014.994108
15.244846,17,1015.329816
15.189568,17,1015.658744
15.106234,17,1016.01656
15.189568,17,1016.359572
15.189568,17,1016.679313
15.189568,17,1017.06864
15.189568,17,1017.411784
12.689172,17,1017.764874
14.995123,17,1018.09251
12.74468,17,1018.413851
14.772901,17,1018.738751
15.106234,17,1019.068033
15.189568,17,1019.416568
12.689172,17,1019.790922
15.189568,17,1020.135935
14.828457,17,1020.480621
15.189568,17,1020.818211
15.189568,17,1021.157191
15.050679,17,1021.509495
12.689172,17,1021.866617
12.689172,17,1022.251395
15.106234,17,1022.619506
12.689172,17,1022.952845
15.106234,17,1023.296561
12.661394,17,1023.662177
12.689172,17,1024.0289
12.74468,17,1024.366656
12.689172,17,1024.711482
12.21695,17,1025.162953
12.689172,17,1025.471315
15.189568,17,1025.812978
15.189568,17,1026.16025
12.689172,17,1026.490589
13.579443,17,1026.847937
12.689172,17,1027.179834
15.189568,17,1027.561084
15.189568,17,1027.909691
15.189568,17,1028.233337
15.189568,17,1028.569605
14.086277,17,1028.9048
15.050679,17,1029.231112
15.189568,17,1029.574712
15.189568,17,1029.942009
15.189568,17,1030.336788
15.23563,17,1030.695893
12.689172,17,1031.061944
12.689172,17,1031.385587
15.289563,17,1031.710456
15.23563,17,1032.038231
15.23563,17,1032.370471
12.178056,17,1032.737182
15.189568,17,1033.073731
15.050679,17,1033.44046
12.689172,17,1033.792577
15.261785,17,1034.150813
13.662776,17,1034.50085
14.800679,17,1034.837426
15.289563,17,1035.182129
13.579443,17,1035.558655
15.106234,17,1035.881119
12.689172,17,1036.205333
15.289563,17,1036.556038
15.106234,17,1036.893634
12.689172,17,1037.254282
14.772901,17,1037.642941
12.689172,17,1037.99815
12.689172,17,1038.435045
13.940554,17,1038.797238
12.689172,17,1039.133197
15.289563,17,1039.464199
12.689172,17,1039.812119
15.078457,17,1040.156617
15.189568,17,1040.502014
15.189568,17,1040.901548
12.689172,17,1041.233057
15.189568,17,1041.548907
15.298779,17,1041.886949
15.050679,17,1042.22223
12.689172,17,1042.54869
15.189568,17,1042.908267
11.855839,17,1043.235384
15.106234,17,1043.632622
15.189568,17,1044.013606
14.66179,17,1044.361906
15.189568,17,1044.702061
12.689172,17,1045.052583
15.23563,17,1045.393113
15.189568,17,1045.748321
15.189568,17,1046.166334
12.689172,17,1046.511644
12.689172,17,1046.873617
14.465399,16,1047.20659
15.189568,17,1047.544422
12.689172,17,1047.892366
15.289563,17,1048.22203
15.289563,17,1048.583433
12.689172,17,1048.961881
15.050679,17,1049.308602
12.689172,17,1049.642717
11.96695,17,1049.973094
12.689172,17,1050.30312
15.289563,17,1050.651197
12.689172,17,1050.980239
15.189568,17,1051.377992
15.390903,17,1051.724385
15.189568,17,1052.081762
12.689172,17,1052.394524
12.689172,17,1052.736379
15.189568,17,1053.073676
15.189568,17,1053.41469
15.189568,17,1053.797442
15.189568,17,1054.237827
12.689172,17,1054.581797
14.772901,17,1054.9367
15.106234,17,1055.288802
15.189568,17,1055.659122
12.689172,17,1056.033458
12.689172,17,1056.3846
15.189568,17,1056.813515
13.690554,17,1057.14443
12.689172,17,1057.476206
12.689172,17,1057.802802
11.925798,14,1058.078077
15.261785,17,1058.418322
12.844445,17,1058.741699
15.106234,17,1059.097086
14.745123,17,1059.47942
15.189568,17,1059.802274
13.440554,17,1060.149134
12.689172,17,1060.46842
15.189568,17,1060.789984
12.21695,17,1061.140779
12.161394,17,1061.500367
15.189568,17,1061.858505
15.189568,17,1062.332346
15.106234,17,1062.696517
15.189568,17,1063.025951
15.189568,17,1063.380589
15.189568,17,1063.72706
15.289563,17,1064.099289
11.913753,14,1064.372411
12.689172,17,1064.799051
15.189568,17,1065.12474
15.189568,17,1065.4802
12.689172,17,1065.81652
15.106234,17,1066.142584
12.689172,17,1066.467551
15.289563,17,1066.8043
12.161394,17,1067.117504
15.189568,17,1067.509895
13.829443,17,1067.861051
15.050679,17,1068.196316
12.689172,17,1068.561162
15.289563,17,1068.895084
12.689172,17,1069.219303
15.189568,17,1069.58538
12.74445,17,1069.992491
12.689172,17,1070.332733
15.16179,17,1070.803924
12.689172,17,1071.166099
15.16179,17,1071.518999
15.189568,17,1071.867974
15.106234,17,1072.209308
14.634012,17,1072.544337
12.689172,17,1072.974231
12.689172,17,1073.327896
12.689172,17,1073.685145
14.884012,17,1074.057015
12.689172,17,1074.400026
13.496109,17,1074.811343
12.689172,17,1075.180736
15.189568,17,1075.579062
15.050679,17,1075.912406
15.261508,17,1076.271384
15.050679,17,1076.612081
15.189568,17,1076.967776
12.689172,17,1077.31185
12.328061,17,1077.706899
12.689172,17,1078.088841
14.884012,17,1078.534712
15.189568,17,1078.904922
15.050679,17,1079.242883
12.689172,17,1079.581963
15.189568,17,1079.931712
15.189568,17,1080.257918
12.689172,17,1080.590853
15.23563,17,1080.962626
15.23563,17,1081.342867
15.189568,17,1081.689587
12.689172,17,1082.035378
15.189568,17,1082.350102
14.772901,17,1082.703217
15.23563,17,1083.027881
15.189568,17,1083.344801
15.189568,17,1083.743877
12.689172,17,1084.100228
12.689172,17,1084.428072
12.689172,17,1084.774706
15.189568,17,1085.111687
12.689172,17,1085.464265
12.661394,17,1085.827925
15.189568,17,1086.243358
12.689172,17,1086.610223
15.189568,17,1086.991777
15.106234,17,1087.315687
12.689172,17,1087.635241
12.439172,17,1087.971122
13.662776,17,1088.300767
15.289563,17,1088.649072
13.634998,17,1089.049844
15.189568,17,1089.378221
15.189568,17,1089.708615
12.689172,17,1090.044532
12.689172,17,1090.374407
15.106234,17,1090.710875
15.289563,17,1091.056659
15.189568,17,1091.420559
12.689172,17,1091.796596
12.689172,17,1092.176519
13.829443,17,1092.490994
12.689172,17,1092.822192
15.23563,17,1093.150981
12.689172,17,1093.477732
15.189568,17,1093.851579
15.189568,17,1094.343661
15.189568,17,1094.701536
15.189568,17,1095.045581
15.189568,17,1095.390186
15.189568,17,1095.72226
15.189568,17,1096.049607
12.689172,17,1096.376971
15.207852,17,1096.711383
12.689172,17,1097.109611
15.298779,17,1097.44041
15.189568,17,1097.77965
15.344841,17,1098.103249
13.551665,17,1098.428565
14.141832,17,1098.768867
12.689172,17,1099.101429
15.106234,17,1099.462201
12.689172,17,1099.801526
15.189568,17,1100.124465
15.106234,17,1100.453497
15.289563,17,1100.818795
12.689172,17,1101.155
15.189568,17,1101.492971
12.689172,17,1101.884
15.298779,17,1102.300011
15.189568,17,1102.657854
15.189568,17,1103.030327
15.16179,17,1103.360934
13.690554,17,1103.697994
15.344841,17,1104.082616
15.050679,17,1104.414653
15.23563,17,1104.798783
15.106234,17,1105.15017
15.189568,17,1105.487777
15.050679,17,1105.834759
12.689172,17,1106.191518
15.189568,17,1106.534199
15.289563,17,1106.885104
12.661394,17,1107.265583
15.189568,17,1107.672906
15.106234,17,1108.065172
15.189568,17,1108.416965
12.689172,17,1108.742604
12.689172,17,1109.075908
15.189568,17,1109.474363
15.189568,17,1109.905152
15.050679,17,1110.395071
15.189568,17,1110.88474
12.689172,17,1111.365028
13.746109,17,1111.800555
15.289563,17,1112.159619
15.189568,17,1112.544182
12.689172,17,1112.907468
15.189568,17,1113.271786
14.745123,17,1113.683385
12.689172,17,1114.052794
12.689172,17,1114.456952
12.161394,17,1114.840084
15.344841,17,1115.19235
15.261508,17,1115.57837
12.689172,17,1116.04409
15.189568,17,1116.481501
15.189568,17,1116.836888
15.189568,17,1117.187598
12.689172,17,1117.522563
12.105839,17,1117.895852
15.189568,17,1118.270896
12.689172,17,1118.653327
14.772901,17,1119.061688
15.189568,17,1119.488012
15.189568,17,1119.858253
12.661394,17,1120.209991
14.465399,16,1120.544147
15.189568,17,1120.93152
15.189568,17,1121.28522
15.050679,17,1121.626153
12.689172,17,1122.04791
15.106234,17,1122.397588
15.106234,17,1122.737231
15.050679,17,1123.086548
15.189568,17,1123.478437
15.289563,17,1123.820029
15.189568,17,1124.162614
15.189568,17,1124.528024
12.689172,17,1124.941965
15.16179,17,1125.281672
15.189568,17,1125.642715
12.689172,17,1125.99803
12.689172,17,1126.36478
15.23563,17,1126.766691
12.689172,17,1127.198302
15.189568,17,1127.644631
15.189568,17,1127.998868
12.689172,17,1128.329539
15.23563,17,1128.687975
14.772901,17,1129.048247
15.189568,17,1129.400224
12.689172,17,1129.768692
12.689172,17,1130.12425
15.289563,17,1130.530827
15.189568,17,1130.890074
15.189568,17,1131.233765
15.189568,17,1131.56453
12.689172,17,1131.93438
12.689172,17,1132.27379
15.335624,17,1132.635951
12.689172,17,1132.991671
15.106234,17,1133.403184
15.189568,17,1133.79063
13.801665,17,1134.21806
15.189568,17,1134.744777
15.050679,17,1135.193521
12.689172,17,1135.643638
13.746109,17,1136.060954
12.689172,17,1136.531657
15.189568,17,1136.952783
12.689172,17,1137.399874
15.189568,17,1137.817124
12.689172,17,1138.247728
14.884012,17,1138.679693
12.689172,17,1139.060972
13.940554,17,1139.477655
15.106234,17,1139.986915
12.689172,17,1140.439516
15.189568,17,1140.869438
15.106234,17,1141.290488
15.189568,17,1141.730822
12.689172,17,1142.2436
12.689172,17,1142.632961
12.689172,17,1143.15512
12.689172,17,1143.556116
12.689172,17,1143.959065
15.289563,17,1144.38253
12.689172,17,1144.783788
15.189568,17,1145.174308
12.689172,17,1145.58503
12.661394,17,1146.003711
15.189568,17,1146.480438
15.050679,17,1146.835075
12.735234,17,1147.214457
15.189568,17,1147.555141
15.298779,17,1147.909397
13.884998,17,1148.258543
12.689172,17,1148.667805
15.189568,17,1149.174365
12.689172,17,1149.607171
15.189568,17,1149.991286
14.467013,16,1150.395924
15.189568,17,1150.790321
13.549718,17,1151.182727
12.689172,17,1151.658767
15.189568,17,1152.037789
15.189568,17,1152.561019
12.689172,17,1152.980093
12.689172,17,1153.354939
15.189568,17,1153.779899
15.289563,17,1154.172949
12.689172,17,1154.590813
15.106234,17,1155.000888
15.189568,17,1155.508199
15.189568,17,1155.868445
15.16179,17,1156.224333
15.189568,17,1156.575076
15.106234,17,1156.956291
12.689172,17,1157.328324
15.106234,17,1157.702517
15.189568,17,1158.112869
12.689172,17,1158.513533
15.189568,17,1158.903999
15.23563,17,1159.258076
13.746109,17,1159.605922
12.161394,17,1160.026237
12.689172,17,1160.436151
12.689172,17,1160.776573
15.23563,17,1161.197469
15.289563,17,1161.550498
14.828457,17,1161.904782
14.308499,17,1162.274653
14.717346,17,1162.633473
15.189568,17,1162.980262
12.689172,17,1163.338544
12.689172,17,1163.727573
15.189568,17,1164.160561
15.050679,17,1164.527904
12.689172,17,1164.971614
12.689172,17,1165.400752
15.189568,17,1165.788871
15.189568,17,1166.198797
15.189568,17,1166.636111
12.21695,17,1167.133919
14.550679,17,1167.57159
15.189568,17,1168.040434
12.689172,17,1168.466511
15.189568,17,1168.901507
15.189568,17,1169.363573
15.289563,17,1169.787982
15.189568,17,1170.207307
12.689172,17,1170.676883
14.828457,17,1171.089313
15.289563,17,1171.484612
12.689172,17,1171.889957
15.022901,17,1172.320347
15.189568,17,1172.690908
15.189568,17,1173.140066
15.189568,17,1173.63632
12.844445,17,1174.049343
12.689172,17,1174.433896
15.189568,17,1174.847029
10.624071,14,1175.23398
15.189568,17,1175.650344
15.189568,17,1176.108891
15.050679,17,1176.558764
12.689172,17,1177.04818
15.189568,17,1177.488002
12.689172,17,1177.890126
12.689172,17,1178.323354
12.689172,17,1178.714726
14.772901,17,1179.112448
15.189568,17,1179.554291
13.773887,17,1179.939598
15.189568,17,1180.42326
15.189568,17,1180.820907
15.189568,17,1181.205328
15.335624,17,1181.620437
15.050679,17,1182.031666
14.791185,17,1182.439241
14.772901,17,1182.893492
15.189568,17,1183.341047
15.298779,17,1183.750755
12.689172,17,1184.185988
12.689172,17,1184.605166
15.189568,17,1185.041117
15.189568,17,1185.467899
12.689172,17,1185.930995
12.689172,17,1186.328569
15.289563,17,1186.807012
12.689172,17,1187.201893
15.189568,17,1187.613043
15.050679,17,1188.050427
15.050679,17,1188.44063
13.85722,17,1188.825231
12.022505,17,1189.214502
12.689172,17,1189.635457
12.689172,17,1189.996886
12.689172,17,1190.374223
12.689172,17,1190.738528
15.289563,17,1191.097378
15.16179,17,1191.483423
15.16179,17,1191.860173
12.689172,17,1192.240978
12.689172,17,1192.685704
12.096345,17,1193.03003
7.878752,10,1193.238163
12.689172,17,1193.607202
12.689172,17,1194.104214
15.189568,17,1194.488782
15.106234,17,1194.867685
15.189568,17,1195.3117
15.189568,17,1195.821543
15.050679,17,1196.189502
15.078457,17,1196.557841
12.689172,17,1196.906207
7.69614,10,1197.120411
15.050679,17,1197.473921
12.689172,17,1197.840637
15.189568,17,1198.196602
15.261508,17,1198.618614
15.298779,17,1199.000111
12.689172,17,1199.374808
12.661394,17,1199.742912
15.23563,17,1200.126224
15.189568,17,1200.488351
12.689172,17,1200.851125
15.289563,17,1201.412349
15.189568,17,1201.794235
12.022505,17,1202.190648
15.189568,17,1202.558851
12.689172,17,1202.909332
12.689172,17,1203.268994
12.105839,17,1203.641013
12.661394,17,1204.021839
15.289563,17,1204.59809
13.718331,17,1204.985461
12.689172,17,1205.364337
15.189568,17,1205.742812
15.106234,17,1206.112865
15.289563,17,1206.532178
12.689172,17,1206.903582
15.189568,17,1207.300035
15.289563,17,1207.66875
12.689172,17,1208.028792
15.189568,17,1208.381595
15.189568,17,1208.722207
15.189568,17,1209.094976
15.289563,17,1209.471411
12.689172,17,1209.84453
12.689172,17,1210.256819
15.189568,17,1210.643162
15.106234,17,1211.01211
15.189568,17,1211.363046
12.689172,17,1211.699389
15.344841,17,1212.074975
12.689172,17,1212.43183
12.689172,17,1212.870267
15.106234,17,1213.210938
12.689172,17,1213.556558
15.23563,17,1213.941074
15.189568,17,1214.323211
12.689172,17,1214.653967
14.578457,17,1215.073828
15.289563,17,1215.419244
15.050679,17,1215.820255
15.189568,17,1216.186027
12.689172,17,1216.599347
12.689172,17,1217.00116
15.050679,17,1217.395765
12.689172,17,1217.770879
13.847727,17,1218.153754
13.85722,17,1218.639281
12.689172,17,1219.025152
15.289563,17,1219.463026
12.689172,17,1219.799071
12.689172,17,1220.154738
15.189568,17,1220.559027
15.189568,17,1220.92984
15.189568,17,1221.341954
15.189568,17,1221.77155
15.189568,17,1222.116479
15.189568,17,1222.471435
15.189568,17,1222.943542
15.106234,17,1223.431897
12.689172,17,1223.905514
12.689172,17,1224.308479
12.689172,17,1224.764907
15.050679,17,1225.143886
15.261508,17,1225.53349
14.772901,17,1225.901011
12.689172,17,1226.24763
15.189568,17,1226.60813
12.4019,17,1226.978989
12.689172,17,1227.320845
15.189568,17,1227.760891
15.23563,17,1228.184388
15.189568,17,1228.584702
12.133616,17,1228.96709
12.689172,17,1229.328458
15.298779,17,1229.683453
12.689172,17,1230.050185
15.189568,17,1230.411769
12.689172,17,1230.832613
12.689172,17,1231.218507
15.078457,17,1231.580204
15.189568,17,1231.960559
15.189568,17,1232.325083
12.689172,17,1232.728576
13.746109,17,1233.113375
15.189568,17,1233.719679
13.773887,17,1234.221839
12.689172,17,1234.692992
15.189568,17,1235.197664
12.689172,17,1235.777748
13.800042,17,1236.305898
12.74445,17,1236.960417
15.050679,17,1237.770828
13.773887,17,1241.109084
15.289563,17,1241.935204
15.189568,17,1242.789209
12.689172,17,1243.662189
15.189568,17,1244.389737
15.189568,17,1244.840475
12.689172,17,1245.317212
15.106234,17,1245.825258
15.050679,17,1246.308702
15.106234,17,1246.795823
12.689172,17,1247.295725
15.189568,17,1247.737631
15.106234,17,1248.185771
12.689172,17,1248.655963
12.689172,17,1249.097799
12.689172,17,1249.717217
12.689172,17,1250.228919
15.050679,17,1250.66607
12.689172,17,1251.141333
12.689172,17,1251.619821
15.289563,17,1252.090489
15.189568,17,1252.5528
13.801665,17,1253.116627
15.189568,17,1253.526603
12.689172,17,1253.869759
14.772901,17,1254.21507
15.344841,17,1254.547337
15.244846,17,1254.893211
12.689172,17,1255.258424
12.689172,17,1255.596552
15.189568,17,1255.996973
15.189568,17,1256.338792
12.689172,17,1256.66478
13.85722,17,1257.023203
12.689172,17,1257.355763
13.836277,17,1257.713716
15.106234,17,1258.064456
15.106234,17,1258.441746
15.289563,17,1258.792051
15.23563,17,1259.133287
15.050679,17,1259.481872
15.189568,17,1259.81347
12.689172,17,1260.141787
14.66179,17,1260.465875
12.689172,17,1260.800532
15.050679,17,1261.236172
15.189568,17,1261.582608
12.078061,17,1261.929941
15.050679,17,1262.280787
12.74468,17,1262.622245
15.189568,17,1262.961899
15.189568,17,1263.301903
12.689172,17,1263.678393
15.289563,17,1264.03825
15.189568,17,1264.406096
12.689172,17,1264.74706
12.689172,17,1265.087945
12.689172,17,1265.448998
12.689172,17,1265.785322
15.106234,17,1266.14548
12.689172,17,1266.535288
15.050679,17,1266.888257
15.189568,17,1267.222092
12.689172,17,1267.579521
12.689172,17,1267.90907
15.189568,17,1268.237584
15.189568,17,1268.601377
15.289563,17,1269.047578
15.23563,17,1269.403851
12.661394,17,1269.765586
15.189568,17,1270.132343
15.189568,17,1270.489124
12.689172,17,1270.853862
15.189568,17,1271.221783
12.689172,17,1271.556594
15.16179,17,1271.95928
12.689172,17,1272.285174
12.689172,17,1272.618481
12.689172,17,1272.985131
12.689172,17,1273.345488
15.189568,17,1273.705874
15.344841,17,1274.06232
15.189568,17,1274.472893
12.133616,17,1274.80736
15.189568,17,1275.177177
15.390903,17,1275.550255
13.801665,17,1275.877635
15.189568,17,1276.218314
12.689172,17,1276.545373
15.189568,17,1276.87195
15.189568,17,1277.277585
15.050679,17,1277.612345
15.189568,17,1277.959964
15.050679,17,1278.318058
15.189568,17,1278.653634
15.189568,17,1278.98947
12.689172,17,1279.352615
15.189568,17,1279.746614
14.495123,17,1280.065887
15.189568,17,1280.422809
15.189568,17,1280.774264
15.189568,17,1281.117645
15.189568,17,1281.466502
12.689172,17,1281.800761
15.189568,17,1282.14618
12.689172,17,1282.54044
15.189568,17,1282.89003
15.189568,17,1283.246695
12.689172,17,1283.595818
12.689172,17,1283.946951
15.106234,17,1284.290434
15.16179,17,1284.622602
12.689172,17,1284.970515
12.689172,17,1285.345019
12.689172,17,1285.687122
15.16179,17,1286.029516
12.689172,17,1286.383381
12.689172,17,1286.727978
15.050679,17,1287.07162
15.189568,17,1287.433627
15.344841,17,1287.828843
14.578457,17,1288.168519
15.106234,17,1288.525958
15.189568,17,1288.870833
12.689172,17,1289.222119
15.261508,17,1289.549844
15.189568,17,1289.892065
15.189568,17,1290.246544
12.689172,17,1290.619334
13.912776,17,1290.967795
15.022901,17,1291.302869
14.495123,17,1291.650471
15.189568,17,1291.988652
12.689172,17,1292.326322
12.689172,17,1292.640853
12.689172,17,1293.023922
12.689172,17,1293.372422
12.689172,17,1293.692695
12.689172,17,1294.041219
13.690554,17,1294.386162
15.189568,17,1294.727424
12.689172,17,1295.068042
12.689172,17,1295.418633
12.689172,17,1295.860502
14.844841,17,1296.205754
15.050679,17,1296.556554
15.23563,17,1296.888092
12.689172,17,1297.256483
15.106234,17,1297.603014
15.050679,17,1297.935806
15.189568,17,1298.321889
15.189568,17,1298.685853
15.106234,17,1299.054259
15.189568,17,1299.41711
15.189568,17,1299.781854
15.23563,17,1300.130802
15.189568,17,1300.54999
12.689172,17,1300.970126
12.689172,17,1301.435627
12.689172,17,1301.785971
15.189568,17,1302.136232
15.106234,17,1302.491395
15.16179,17,1302.835785
12.689172,17,1303.191236
15.189568,17,1303.550377
15.050679,17,1303.959105
15.189568,17,1304.305294
15.106234,17,1304.653272
15.189568,17,1304.992053
15.189568,17,1305.364775
13.912776,17,1305.724924
12.689172,17,1306.090024
15.022901,17,1306.437259
12.439172,17,1306.80248
12.689172,17,1307.141501
12.689172,17,1307.484402
15.189568,17,1307.818364
14.995123,17,1308.133066
15.189568,17,1308.502053
13.801665,17,1308.833041
15.106234,17,1309.216705
15.106234,17,1309.553636
15.189568,17,1309.894073
15.23563,17,1310.225579
12.689172,17,1310.569902
15.289563,17,1310.907705
12.689172,17,1311.236871
12.689172,17,1311.572899
15.189568,17,1311.94644
14.689568,17,1312.263206
12.689172,17,1312.625405
15.16179,17,1312.9592
13.884998,17,1313.304545
12.689172,17,1313.656492
12.689172,17,1313.986043
12.689172,17,1314.372545
12.689172,17,1314.721386
12.689172,17,1315.051038
12.689172,17,1315.389787
15.189568,17,1315.751123
15.189568,17,1316.084538
12.689172,17,1316.442266
15.289563,17,1316.789322
15.189568,17,1317.216276
12.689172,17,1317.54197
15.106234,17,1317.898294
15.189568,17,1318.241316
12.689172,17,1318.576953
15.189568,17,1318.924616
15.050679,17,1319.249793
15.189568,17,1319.63272
15.050679,17,1319.971648
15.106234,17,1320.309379
15.189568,17,1320.649646
12.689172,17,1320.985026
12.689172,17,1321.346241
15.23563,17,1321.704353
12.689172,17,1322.057704
12.689172,17,1322.448448
12.689172,17,1322.789682
12.689172,17,1323.116741
12.689172,17,1323.475421
15.189568,17,1323.796014
15.189568,17,1324.128753
14.772901,17,1324.491035
12.689172,17,1324.876746
12.689172,17,1325.213875
14.197388,17,1325.564612
15.106234,17,1325.908696
12.689172,17,1326.236577
15.106234,17,1326.574955
15.289563,17,1326.902992
15.189568,17,1327.259335
15.050679,17,1327.685872
15.189568,17,1328.018651
15.189568,17,1328.346377
12.689172,17,1328.694052
15.189568,17,1329.070699
12.189172,17,1329.454498
15.189568,17,1329.836404
12.411394,17,1330.192813
12.689172,17,1330.697129
12.689172,17,1331.079157
12.689172,17,1331.40588
12.689172,17,1331.741798
13.829443,17,1332.092904
12.689172,17,1332.436709
15.189568,17,1332.770225
15.189568,17,1333.172696
15.106234,17,1333.50544
15.189568,17,1333.836136
15.23563,17,1334.185783
15.189568,17,1334.556091
15.189568,17,1334.893263
15.289563,17,1335.243192
12.689172,17,1335.595157
12.689172,17,1336.014139
12.689172,17,1336.35566
12.689172,17,1336.684192
15.189568,17,1337.029501
14.800679,17,1337.372583
12.105839,17,1337.712806
12.689172,17,1338.048863
15.050679,17,1338.439228
15.189568,17,1338.78662
15.189568,17,1339.131388
12.689172,17,1339.484281
15.189568,17,1339.821398
15.106234,17,1340.163522
12.689172,17,1340.509297
12.689172,17,1340.851058
12.689172,17,1341.24635
15.189568,17,1341.609374
15.189568,17,1341.950243
15.289563,17,1342.2833
15.189568,17,1342.639353
11.939172,17,1342.970898
15.189568,17,1343.305639
12.689172,17,1343.688134
12.689172,17,1344.021533
12.689172,17,1344.363745
15.189568,17,1344.702006
15.189568,17,1345.030179
12.689172,17,1345.387175
13.746109,17,1345.742037
15.344841,17,1346.086265
15.189568,17,1346.461913
15.189568,17,1346.81426
12.689172,17,1347.132983
12.188895,17,1347.487527
15.106234,17,1347.814324
13.801665,17,1348.173687
15.050679,17,1348.501982
14.772901,17,1348.915493
15.189568,17,1349.263576
15.189568,17,1349.59973
13.829443,17,1349.955887
12.689172,17,1350.272272
15.189568,17,1350.621183
15.289563,17,1350.95456
15.050679,17,1351.294182
12.689172,17,1351.676764
12.689172,17,1352.01428
12.289167,17,1352.353294
12.161394,17,1352.69786
15.050679,17,1353.035514
15.189568,17,1353.374899
12.689172,17,1353.728648
15.344841,17,1354.145925
15.189568,17,1354.499831
12.74468,17,1354.820042
15.050679,17,1355.166147
12.689172,17,1355.508235
15.050679,17,1355.862926
12.161394,17,1356.227752
15.050679,17,1356.580264
12.689172,17,1356.952381
14.772901,17,1357.286195
12.689172,17,1357.664438
15.289563,17,1357.990754
15.189568,17,1358.305674
15.189568,17,1358.65846
15.289563,17,1359.003957
12.689172,17,1359.435746
13.718331,17,1359.79872
12.689172,17,1360.147927
15.106234,17,1360.474526
12.689172,17,1360.833338
12.661394,17,1361.168933
15.189568,17,1361.50792
12.689172,17,1361.939961
15.189568,17,1362.412449
15.189568,17,1362.751288
12.689172,17,1363.090542
15.189568,17,1363.453253
15.106234,17,1363.796084
15.189568,17,1364.142553
12.689172,17,1364.508676
13.718331,17,1364.9416
15.189568,17,1365.302555
15.289563,17,1365.634753
15.050679,17,1366.002988
15.189568,17,1366.383856
15.189568,17,1366.729686
14.772624,17,1367.067979
15.106234,17,1367.406571
12.689172,17,1367.812589
15.23563,17,1368.173868
15.189568,17,1368.503297
15.189568,17,1368.833272
15.050679,17,1369.193415
12.689172,17,1369.527311
12.689172,17,1369.862851
15.050679,17,1370.255611
12.689172,17,1370.603592
15.022901,17,1370.961255
15.189568,17,1371.289947
15.189568,17,1371.625679
12.74445,17,1372.020372
15.189568,17,1372.374249
15.189568,17,1372.719815
12.689172,17,1373.155424
15.106234,17,1373.475627
15.189568,17,1373.825915
13.85722,17,1374.161733
15.23563,17,1374.491419
12.689172,17,1374.834305
12.689172,17,1375.174675
12.689172,17,1375.516713
15.189568,17,1375.93258
12.689172,17,1376.275224
12.689172,17,1376.614664
15.23563,17,1376.973901
15.189568,17,1377.314424
12.890507,17,1377.638211
15.189568,17,1378.006771
15.189568,17,1378.415214
12.689172,17,1378.760561
15.207852,17,1379.119046
15.23563,17,1379.443848
12.689172,17,1379.784561
12.689172,17,1380.151691
15.106234,17,1380.475824
15.050679,17,1380.831244
15.106234,17,1381.232084
15.16179,17,1381.571138
12.74445,17,1381.897199
12.689172,17,1382.248017
12.689172,17,1382.604829
15.106234,17,1382.953752
15.189568,17,1383.309024
12.844675,17,1383.689636
15.050679,17,1384.026254
15.189568,17,1384.372916
12.133616,17,1384.716004
12.689172,17,1385.044297
12.689172,17,1385.374514
15.23563,17,1385.704398
12.689172,17,1386.054778
15.106234,17,1386.462086
15.189568,17,1386.800135
12.689172,17,1387.127748
12.689172,17,1387.480558
12.689172,17,1387.837235
15.23563,17,1388.155787
12.161394,17,1388.511116
12.689172,17,1388.874858
12.689172,17,1389.263069
12.689172,17,1389.60159
15.106234,17,1389.961693
15.106234,17,1390.308787
13.801665,17,1390.658451
15.189568,17,1390.985372
15.106234,17,1391.327165
12.689172,17,1391.815533
12.689172,17,1392.157477
14.689568,17,1392.487043
15.298779,17,1392.924023
12.689172,17,1393.259248
15.16179,17,1393.598817
15.189568,17,1394.038207
15.16179,17,1394.549124
12.21695,17,1395.019629
15.189568,17,1395.406898
15.106234,17,1395.745078
15.16179,17,1396.099288
14.66179,17,1396.465119
15.189568,17,1396.789374
14.772901,17,1397.16728
12.689172,17,1397.555403
15.106234,17,1397.895022
12.689172,17,1398.230427
15.189568,17,1398.589068
15.189568,17,1398.913586
14.772901,17,1399.28196
13.513622,16,1399.610225
15.189568,17,1400.039715
14.606234,17,1400.41396
14.846741,17,1400.772714
12.689172,17,1401.098803
12.161394,17,1401.450251
12.689172,17,1401.77631
15.16179,17,1402.110452
15.050679,17,1402.441623
15.289563,17,1402.844104
12.689172,17,1403.172008
15.022901,17,1403.516517
15.189568,17,1403.852269
15.189568,17,1404.18428
15.189568,17,1404.535301
15.050679,17,1404.882348
15.189568,17,1405.279392
12.689172,17,1405.616356
14.884012,17,1405.969104
12.689172,17,1406.316401
12.689172,17,1406.652977
12.689172,17,1407.00921
12.689172,17,1407.336935
15.189568,17,1407.680379
12.689172,17,1408.056941
12.689172,17,1408.39497
12.689172,17,1408.71876
14.995123,17,1409.074917
12.689172,17,1409.400634
12.689172,17,1409.746914
15.289563,17,1410.102962
15.23563,17,1410.518327
15.189568,17,1410.849679
15.344841,17,1411.215357
15.189568,17,1411.550046
15.106234,17,1411.89069
14.884012,17,1412.227042
15.189568,17,1412.549026
15.050679,17,1412.877621
15.289563,17,1413.27525
12.689172,17,1413.608445
15.050679,17,1413.928837
15.050679,17,1414.285984
14.66179,17,1414.613891
15.189568,17,1414.950748
12.689172,17,1415.288371
15.189568,17,1415.647346
12.689172,17,1416.033251
12.689172,17,1416.422584
15.189568,17,1416.750573
15.050679,17,1417.073914
15.050679,17,1417.420958
15.298779,17,1417.785491
15.189568,17,1418.158807
15.317063,17,1418.566862
12.689172,17,1418.905635
12.689172,17,1419.299593
15.189568,17,1419.670079
12.689172,17,1420.029145
14.772901,17,1420.362141
12.689172,17,1420.774429
12.689172,17,1421.124155
15.106234,17,1421.511995
15.106234,17,1421.850378
15.106234,17,1422.18597
12.689172,17,1422.549359
12.689172,17,1422.899277
15.16179,17,1423.246538
12.689172,17,1423.576916
