#{"t_start": 1765348516.6938806, "env_id": "merge-v0"}
r,l,t
5.900098,7,2.690334
5.834894,7,2.864774
5.893993,7,3.031581
7.062952,8,3.224976
4.068076,5,3.341838
4.069415,5,3.457463
6.745464,8,3.65939
11.980043,15,4.017632
13.361447,15,4.365166
10.402568,13,4.658895
5.108165,6,4.789119
5.650627,7,4.982264
5.205654,6,5.136686
6.716162,8,5.304958
5.958308,7,5.461263
11.223208,13,5.767067
7.217269,9,5.987036
6.167204,7,6.144128
4.028409,5,6.252575
3.255556,4,6.342349
13.280303,16,6.681525
8.043511,9,6.882903
10.725536,14,7.189986
4.983377,6,7.342665
5.15129,6,7.475384
5.816765,7,7.627691
4.042506,5,7.744647
11.642346,14,8.064255
9.981354,12,8.340896
12.107211,14,8.645955
12.040823,16,9.017165
6.995065,8,9.188144
11.956822,14,9.503951
3.870789,5,9.609206
5.72365,7,9.766159
8.655377,10,9.989325
3.354346,4,10.076602
6.558305,8,10.258018
3.394444,4,10.337658
6.627282,8,10.53348
7.782525,9,10.726666
12.606225,14,11.039691
6.961613,8,11.218985
12.521939,15,11.547447
10.500986,12,11.807939
10.501033,12,12.078923
5.807279,7,12.236136
3.097193,4,12.317147
10.884672,13,12.616551
4.005166,5,12.738493
10.989536,12,13.012337
10.334319,12,13.271406
6.053054,7,13.436155
5.215468,6,13.566185
5.894065,7,13.74093
6.632976,8,13.938322
5.984703,7,14.096194
11.19772,13,33.202451
6.541397,8,33.364858
6.551017,8,33.544433
5.201209,6,33.690192
4.159901,5,33.810139
9.234675,12,34.09893
7.511144,9,34.308184
4.187679,5,34.411945
7.480868,9,34.626378
6.154135,7,34.774425
5.654571,7,34.957971
11.336174,13,35.254473
6.90998,8,35.447024
5.090098,6,35.574199
4.318148,5,35.696827
5.097082,6,35.867395
4.197375,5,36.029689
4.136315,5,36.159395
5.984803,7,36.306687
13.106234,15,36.631511
3.370605,4,36.718952
13.090507,16,37.107888
6.143628,8,37.293878
6.140444,7,37.438055
8.369557,10,37.668146
3.192565,4,37.757531
12.251322,15,38.105726
6.618926,8,38.296829
7.766108,9,38.497678
11.250266,15,38.841571
4.194547,5,38.953796
6.956829,8,39.138561
8.081203,10,39.360613
5.01248,6,39.502006
4.067492,5,39.600754
4.108165,5,39.710675
8.652489,10,39.92937
5.008671,6,40.068773
5.801831,7,40.232314
5.151369,6,40.359482
11.416933,15,40.702486
7.460901,9,40.903821
6.220312,7,41.081771
14.122562,16,41.425125
4.088145,5,41.546129
3.318148,4,41.634654
4.164788,5,41.744125
8.966342,11,42.004545
7.64561,9,42.20362
5.234703,6,42.335517
13.272901,15,42.666258
5.180416,6,42.804081
4.123592,5,42.917108
3.347945,4,43.018795
6.817457,8,43.196245
5.484562,7,43.359403
4.177559,5,43.473932
12.133957,14,43.811634
12.164423,16,44.189479
11.938379,14,44.513781
4.096905,5,44.615543
13.541185,15,64.224556
12.027481,16,64.591973
9.840644,11,64.861791
4.944475,6,65.020728
5.305564,6,65.154839
3.394444,4,65.238841
8.900788,10,65.47851
9.585155,12,65.746968
6.242679,7,65.906168
13.307513,15,66.242098
7.593386,9,66.457379
4.164166,5,66.568506
7.033377,8,66.752327
11.143206,14,67.095719
10.123086,12,67.367965
10.025195,12,67.644661
6.778315,8,67.806405
11.667643,13,68.18485
4.382123,5,68.301015
4.114053,5,68.417681
7.635938,9,68.642582
4.183719,5,68.749497
4.970343,6,68.879809
9.418347,11,69.143883
5.148438,6,69.316634
11.139884,13,69.633655
4.984806,6,69.777689
5.028315,6,69.915966
10.382857,14,70.259267
11.638592,16,70.620216
4.394444,5,70.730353
6.126875,7,70.908555
14.180074,16,71.306017
13.678174,15,71.699937
14.180074,16,72.1436
9.651453,11,72.38158
7.128279,8,72.57445
7.941493,9,72.815061
4.158117,5,72.923237
7.756764,9,73.169947
6.847947,8,73.373937
12.162245,15,73.722764
12.725165,15,74.08739
4.26248,5,74.201393
5.955653,7,74.348882
11.826284,15,74.702256
9.98596,12,74.961079
3.416667,4,75.049405
6.058485,7,75.201218
5.902749,7,75.363316
12.772901,14,75.67511
8.670964,10,75.923289
6.081454,7,76.109325
13.522901,15,96.193577
3.086278,4,96.297697
4.90524,6,96.43878
12.965672,16,96.810894
11.833219,15,97.17615
14.384012,17,97.593692
5.250537,6,97.749425
4.817474,6,97.918805
4.155106,5,98.0752
3.152749,4,98.217833
13.363402,15,98.53802
7.135786,8,98.726117
8.191689,10,98.943554
13.826779,15,99.30231
5.179147,6,99.44429
5.519192,7,99.597204
10.538731,13,99.875291
7.336755,9,100.084046
11.609192,16,100.481851
7.174063,8,100.692824
4.984712,6,100.824282
11.222441,15,101.181694
14.150674,16,101.543394
4.166667,5,101.66081
4.336278,5,101.769007
5.716853,7,101.935241
11.24216,14,102.26298
4.900052,6,102.390307
4.799631,6,102.537208
7.263857,8,102.724803
4.164166,5,102.821858
13.705951,15,103.182187
7.174063,8,103.37253
6.097193,7,103.532521
5.872485,7,103.700562
13.337743,16,104.060575
10.765836,13,104.366877
3.366667,4,104.455737
4.999538,6,104.592677
7.46839,9,104.81397
13.225165,16,105.164253
6.652534,8,105.344647
13.678452,15,105.686842
8.458086,10,105.914035
6.826289,8,106.106726
8.701239,11,106.364868
13.522901,16,106.732005
13.243501,15,107.083995
12.16018,15,107.425271
5.883029,7,107.579216
7.598545,9,107.777511
6.716773,8,107.972174
7.263859,8,127.137603
13.16718,15,127.486057
12.328124,14,127.787024
8.664714,11,128.021809
9.135905,11,128.291479
10.679144,12,128.571966
7.339063,9,128.784537
11.075532,14,129.085499
4.912854,6,129.246601
5.704046,7,129.399821
14.318963,16,129.754484
4.972241,6,129.881651
10.75782,12,130.140296
14.356234,16,130.531455
9.086927,11,130.766363
6.127899,7,130.929814
7.585947,9,131.142738
11.490895,15,131.50975
5.63408,7,131.661577
7.313461,9,131.855821
13.16179,15,132.184382
11.663653,16,132.557077
8.569442,11,132.81644
5.921847,7,132.966158
10.793449,13,133.250984
11.944138,16,133.631189
9.76248,11,133.87563
12.522505,17,134.246804
6.569297,8,134.452724
3.191943,4,134.542929
13.724179,15,134.902879
4.166667,5,135.035282
13.328457,15,135.396663
11.739326,15,135.737363
4.097741,5,135.856435
5.23939,6,135.986895
6.562601,8,136.164361
7.328815,9,136.368089
8.6073,11,136.627517
10.713199,14,136.948677
8.076846,10,137.164821
4.161398,5,137.283999
11.35505,13,137.585684
8.984341,11,137.855904
5.982197,7,138.009174
11.107162,13,138.306117
4.984594,6,138.443568
6.185243,8,138.630322
4.821325,6,138.76967
6.723064,8,157.804942
7.570023,9,158.011508
6.152728,7,158.171923
12.522901,14,158.512554
12.316379,15,158.829545
4.138994,5,158.944456
9.201735,11,159.177121
5.194475,6,159.325793
8.930289,11,159.58576
7.003402,8,159.751508
5.861523,7,159.922719
6.922926,8,160.098526
4.098392,5,160.224078
6.551038,8,160.448656
12.512593,14,160.779229
8.967704,11,161.035083
6.111201,7,161.183742
13.735352,15,161.53934
3.826258,5,161.646344
9.224641,11,161.893093
6.60669,8,162.078797
14.050679,16,162.49629
9.358272,11,162.742845
13.134012,15,163.098305
5.04584,6,163.263357
6.623098,8,163.452965
13.056144,16,163.822963
13.632388,15,164.154317
10.743513,13,164.443079
5.095954,6,164.598395
12.440554,15,164.949902
8.211226,10,165.24465
12.772567,14,165.565428
5.905686,7,165.737574
12.18106,14,166.038465
4.150052,5,166.163913
10.285162,13,166.471745
6.94691,8,166.644758
8.077047,11,166.916984
6.021947,7,167.082473
13.595118,15,167.436549
6.263371,8,167.611438
12.779744,14,167.939849
12.557716,15,168.272392
6.812952,8,168.469855
4.916991,6,168.600589
4.888292,6,168.753996
13.217346,15,169.106739
3.12232,4,169.193337
11.802642,14,169.520149
13.245122,15,188.899016
14.356234,16,189.299935
3.373704,4,189.38439
11.663653,16,189.782605
14.243167,16,190.152319
6.622498,8,190.343256
14.724236,16,190.720894
5.945872,7,190.881563
3.096741,4,190.978158
11.35132,16,191.353058
5.800175,7,191.53901
11.942062,15,191.86081
14.16179,16,192.211369
14.187668,16,192.589828
13.91961,17,193.046736
8.549626,10,193.275653
3.277825,4,193.372436
12.162711,14,193.697249
5.816929,7,193.856953
6.925548,8,194.053798
14.245123,16,194.406121
6.013571,7,194.577646
6.158574,7,194.738116
12.30514,15,195.092541
5.142147,6,195.23574
13.633676,15,195.573794
5.877909,7,195.758145
11.681937,16,196.126262
4.114056,5,196.238906
5.255562,6,196.37165
11.229218,13,196.761882
4.164788,5,196.905569
8.939926,11,197.198118
13.493224,15,197.592287
7.820183,9,197.824428
10.15901,14,198.145654
12.910827,16,198.549858
9.282211,11,198.853312
10.832703,13,199.255549
6.885713,8,199.444855
8.349162,10,199.667309
12.189926,15,199.998081
5.283341,6,200.127205
13.828457,16,200.513274
4.243235,5,200.625247
13.300345,15,200.960157
6.782217,8,221.443162
10.175731,12,221.718951
10.495482,13,222.047167
12.85722,16,222.390687
8.751896,10,222.625051
12.502609,15,222.942839
11.999703,16,223.291942
11.917255,14,223.653537
12.083036,16,224.025043
4.987294,6,224.178927
3.373704,4,224.263287
12.995123,15,224.614883
11.753856,15,224.948971
8.03754,9,225.14278
11.802541,16,225.489659
11.947388,15,225.87569
11.971925,16,226.259588
12.648393,14,226.587434
14.772901,17,226.975651
10.410116,13,227.270119
14.66179,17,227.680168
6.24188,8,227.883722
11.502552,13,228.208679
13.486615,17,228.643334
14.522901,17,229.072164
11.055821,15,229.49603
6.278315,7,229.698382
13.132105,15,230.110102
11.550642,16,230.470908
12.669563,15,230.84214
12.215998,14,231.165462
4.905006,6,231.287182
6.787759,9,231.508445
13.245123,15,231.896201
10.580919,14,232.217344
14.328457,16,232.603962
12.605218,15,232.937354
14.356234,16,233.308763
7.521851,9,233.513682
12.605839,17,253.702242
3.987292,5,254.071165
10.984657,13,255.243616
11.469208,16,256.548373
5.177874,6,257.072281
13.772901,16,258.568466
13.197378,16,259.988928
13.689566,15,260.854221
9.201791,13,261.392087
11.703946,15,261.898639
13.530721,16,262.371206
12.024716,16,262.883264
13.270621,15,263.317864
4.159555,5,263.474908
14.66179,17,264.050222
13.576846,16,264.562086
12.273259,15,265.030156
7.529687,9,265.293331
3.262593,4,265.421915
9.790399,11,265.768407
11.815711,14,266.221392
8.25313,10,266.530399
14.745123,17,267.065717
13.410829,17,267.576177
12.272505,17,268.116019
10.07667,12,268.482789
12.741502,15,268.92243
6.966855,8,269.176263
12.752943,15,269.641629
14.467346,17,270.191139
13.225165,16,270.571636
12.266365,16,270.933016
12.083036,16,271.289245
14.217298,16,271.725891
6.669798,8,271.926205
15.106234,17,272.360775
4.901473,6,272.501332
13.272901,15,272.870644
13.039506,15,292.730391
14.550679,17,293.136805
12.801037,15,293.69083
5.689947,7,293.951979
13.22281,16,294.419663
11.852061,15,294.775428
13.300679,15,295.189897
3.0585,4,295.280587
12.91179,15,295.677665
11.606197,17,296.120843
8.272844,10,296.372035
14.16179,16,296.77945
9.739174,12,297.080276
14.483674,16,297.473839
11.503444,14,297.785499
12.027481,16,298.186995
14.300679,17,298.598421
6.197267,7,298.762215
9.953337,12,299.059286
5.062866,6,299.195613
14.067016,16,299.562053
12.550283,17,299.963997
14.328457,16,300.328493
13.447888,16,300.694793
12.300283,17,301.140916
12.494727,17,301.617057
12.995123,15,302.062305
13.493501,15,302.393979
14.215389,16,302.801624
13.578447,16,303.26335
9.532684,12,303.572929
13.386049,16,304.041952
13.245123,15,304.476694
11.522037,14,304.850956
14.439568,16,305.308408
6.558858,9,305.533273
14.022901,16,326.728039
14.48563,16,327.138313
10.708698,13,327.487424
12.761975,15,327.848295
14.197388,17,328.264383
4.182436,5,328.411636
11.502344,15,328.815897
7.800677,9,329.030379
13.864054,17,329.419976
11.918746,15,329.785672
13.800669,16,330.164883
8.920227,10,330.385312
10.91901,15,330.747007
13.606233,15,331.091654
12.096656,16,331.438294
12.605839,17,331.820596
11.885875,16,332.219485
7.466477,9,332.416916
12.138592,16,332.8612
14.001958,16,333.271733
4.897972,6,333.4154
12.08031,16,333.813085
13.606234,16,334.219942
15.152296,17,334.598905
11.944147,16,334.991743
12.540549,15,335.356167
14.40989,16,335.709911
15.133735,17,336.130111
10.298892,12,336.416718
14.800679,17,336.813888
13.91961,17,337.251163
4.958733,6,337.435483
12.219153,16,337.847908
12.249703,16,338.312565
12.189566,14,338.66897
12.522505,17,339.083259
13.633051,17,359.363606
15.085624,17,359.849514
13.660829,17,360.385467
13.022901,15,360.794679
12.273887,15,361.121088
14.66179,17,361.580985
8.301134,10,361.830879
12.596345,17,362.230336
14.356234,16,362.629232
15.022901,17,363.206226
15.134012,17,363.765476
13.800679,16,364.235232
15.134012,17,364.675141
12.689172,17,365.158746
14.300679,17,365.617862
12.138592,16,366.026927
10.652249,13,366.39442
9.272901,11,366.711757
3.790268,5,366.87902
13.578455,15,367.311592
12.279707,16,367.785678
11.413653,16,368.162741
5.938534,7,368.353459
12.968322,16,368.827815
15.134012,17,369.307367
13.162776,16,369.727301
12.995123,14,370.138519
11.667075,14,370.536785
9.791401,12,370.819949
11.19471,15,371.158048
14.252943,17,371.628538
9.952531,12,371.934223
15.106234,17,372.418101
12.189172,17,372.855293
5.705439,7,373.053716
12.522505,17,394.092926
12.550283,17,394.473876
13.875504,17,394.847187
14.022901,16,395.219396
14.939568,17,395.621967
13.6471,16,395.985476
11.874548,14,396.305174
12.689172,17,396.705049
12.355839,17,397.159754
14.259132,17,397.55197
12.06973,14,397.883474
13.801665,17,398.254788
9.995482,12,398.560895
14.560373,17,398.980649
12.21695,17,399.4254
13.627617,16,399.807941
10.245482,12,400.188747
11.916933,15,400.611348
14.078457,16,401.074849
11.41901,15,401.50074
12.135598,16,401.913125
8.336777,10,402.186837
12.218272,15,402.564065
5.022003,6,402.696619
14.384012,16,403.091594
14.634012,17,403.518937
14.328457,17,403.953827
12.801665,16,404.380192
14.717346,17,404.811056
4.166769,5,404.94465
4.174043,5,405.080067
12.194147,16,405.499788
9.863016,13,405.800475
12.661394,17,406.250708
12.550283,17,427.116762
14.576834,17,427.598995
14.495123,17,428.071814
12.020606,17,428.501052
13.872895,16,428.920513
12.633616,17,429.417433
14.328457,17,429.95999
14.300679,16,430.509004
8.030908,10,430.850183
11.031079,14,431.220168
12.808488,15,431.809055
14.058499,17,432.410593
12.249703,16,432.843627
11.941106,16,433.250437
11.326846,14,433.613478
9.814448,12,433.94701
10.651849,14,434.326616
15.022901,17,434.884742
15.050679,17,435.398191
14.495123,17,435.801239
14.41179,17,436.195138
14.099452,17,436.650257
12.682502,15,437.086765
15.16179,17,437.606792
14.328457,17,438.027629
8.846956,11,438.320491
14.467346,17,438.757965
12.012339,14,439.108816
13.641308,16,439.538688
4.874872,6,439.678486
15.078457,17,440.050091
15.106234,17,440.452339
12.46695,17,440.897215
14.391832,17,461.779721
12.661394,17,462.209902
11.947888,14,462.517222
12.188895,17,463.024958
12.605839,17,463.505058
13.174434,16,463.928166
14.245123,16,464.317462
13.937945,16,464.690669
15.161743,17,465.088942
13.197777,16,465.510592
14.38239,16,465.879481
12.633616,17,466.282587
13.467346,16,466.746074
12.194147,16,467.182116
15.189568,17,467.630984
14.217346,17,468.07304
15.217346,17,468.533853
15.189568,17,469.002291
6.295244,8,469.223766
12.659772,17,469.745961
15.022901,17,470.21605
13.408215,16,470.657817
14.495123,16,471.190639
12.689172,17,471.709594
11.96695,17,472.221212
8.68929,10,472.529985
15.106234,17,473.083858
11.984271,14,473.482177
12.191098,16,473.943289
13.746109,17,474.372853
15.078457,17,474.823455
12.083036,16,475.231087
13.058491,16,496.203948
6.464337,8,496.431981
15.050679,17,496.948158
10.261977,12,497.260115
15.16179,17,497.717882
14.41179,17,498.253438
13.800679,16,498.769245
15.16179,17,499.237937
13.689568,16,499.642049
12.16637,16,500.069626
14.634004,17,500.527063
12.277481,16,500.961682
14.550679,17,501.368914
9.321702,11,501.648983
14.384012,17,502.11867
13.900863,17,502.541787
15.16179,17,502.975362
12.262714,15,503.38033
14.772901,17,503.838228
12.133616,17,504.235087
14.41179,17,504.606413
14.300679,16,504.992664
14.668958,17,505.384197
14.856234,17,505.851178
12.031962,14,506.260551
14.437613,16,506.724998
14.91179,17,507.184898
12.578061,17,507.600592
11.114705,13,507.964443
11.007174,13,508.34674
12.135875,16,508.775753
14.06734,16,509.239368
11.798892,14,509.629604
11.383975,17,531.302637
12.135875,16,531.666107
12.633616,17,532.208786
15.078457,17,532.628628
12.689172,17,533.020906
14.745123,17,533.424061
12.46695,17,533.797743
12.633616,17,534.19327
12.550283,17,534.610146
13.717411,16,535.000179
12.052217,16,535.465922
8.259066,10,535.71942
15.106234,17,536.162313
12.108097,16,536.592601
14.402288,17,537.033035
13.974641,17,537.459672
10.401849,14,537.750819
12.6519,17,538.141931
13.272901,15,538.48772
13.891832,17,538.881164
14.021227,17,539.285403
13.453576,16,539.6638
11.606593,14,540.018546
13.969309,17,540.438013
12.46695,17,540.845066
12.578061,17,541.245875
14.141832,17,541.68857
14.328457,16,542.116534
14.689568,17,542.625285
15.134012,17,543.162275
14.467344,16,543.556388
12.689172,17,543.958574
12.495123,15,564.924059
12.246984,16,565.39239
14.41179,17,565.848758
14.174753,17,566.320443
13.641308,16,566.716982
15.078457,17,567.321577
12.605839,17,567.737167
14.550679,16,568.207066
12.272505,17,568.662157
12.578061,17,569.062256
13.957215,17,569.481334
15.134012,17,569.912255
12.707456,17,570.325906
14.939568,17,570.728782
15.106234,17,571.136624
9.974641,12,571.40642
14.225165,17,571.800396
12.539752,15,572.136743
14.606234,17,572.561207
10.218672,13,572.870329
14.995123,17,573.303819
15.022901,17,573.711168
7.201841,8,573.923249
14.689568,17,574.345429
12.108097,16,574.727906
14.411789,17,575.155439
12.522505,17,575.565123
14.280721,17,575.947567
13.495482,16,576.324757
12.633616,17,576.714456
15.16179,17,577.119185
15.106234,17,598.34251
13.458838,17,598.801864
13.801037,17,599.400482
7.047572,9,599.660007
14.967346,17,600.159437
13.82516,17,600.660988
9.911081,12,601.025438
11.986507,14,601.41311
12.46695,17,601.915102
12.661394,17,602.423371
10.078815,12,602.763768
13.780721,17,603.254089
12.71695,17,603.723691
14.845118,17,604.192814
14.522901,17,604.657684
9.738359,13,605.005198
14.522901,17,605.547127
12.272505,17,606.04885
14.40989,16,606.528815
13.579443,17,606.989012
12.217261,16,607.48704
13.91179,16,607.911331
11.858097,16,608.324023
14.410168,16,608.766573
12.689172,17,609.252293
12.078061,17,609.785794
6.788728,9,610.061244
12.138592,16,610.509001
12.21695,17,610.945029
12.78889,17,611.411017
12.605839,17,611.923001
15.189568,17,612.528046
14.58042,17,612.963764
13.772697,16,633.325871
14.689568,17,633.784723
13.384998,17,634.399553
12.605839,17,634.837046
14.634012,17,635.270016
12.108097,16,635.72627
12.383616,17,636.198956
12.46695,17,636.736967
13.540549,17,637.218764
14.300679,17,637.688504
13.606234,16,638.133096
14.502943,17,638.607461
13.120243,16,639.036896
15.16179,17,639.453869
15.150674,17,639.891963
12.522505,17,640.282602
13.523887,17,640.717095
15.16179,17,641.194374
14.689568,17,641.619659
14.91179,17,642.05411
12.631717,17,642.508054
12.661394,17,642.927257
12.189808,16,643.331003
8.885976,11,643.637561
12.633616,17,644.081462
12.661394,17,644.55517
15.134012,17,645.045282
12.633616,17,645.512033
12.633616,17,645.994234
11.271755,14,646.38229
12.605839,17,646.887548
12.043048,16,668.756778
15.134012,17,669.304001
15.134012,17,669.764327
12.661394,17,670.263142
12.163644,16,670.693027
14.745123,17,671.113242
13.746109,17,671.507429
12.71695,17,671.96928
15.106234,17,672.37654
10.039752,12,672.646354
12.550283,17,673.032407
10.16179,12,673.363822
9.745123,12,673.636877
12.494727,17,674.107723
12.163653,16,674.532142
13.66909,16,674.901961
13.745123,16,675.338487
14.772901,17,675.7689
8.67011,11,676.025075
12.633616,17,676.450761
13.975165,17,676.883208
12.633616,17,677.331829
11.801054,14,677.675209
14.828457,17,678.06109
7.710941,10,678.310089
15.106234,17,678.796399
14.086277,17,679.246612
12.193813,16,679.643833
14.16961,17,680.03566
13.652296,16,680.466623
15.022901,17,680.910155
14.356234,17,681.307637
11.913643,16,701.347845
14.495123,17,701.75259
15.16179,17,702.146883
12.605839,17,702.514198
14.939568,17,702.918285
15.106234,17,703.314546
15.134012,17,703.717561
12.689172,17,704.167866
14.217346,17,704.604245
14.141832,17,705.053722
14.030721,17,705.469357
9.086463,11,705.718373
14.41179,17,706.105126
14.634012,17,706.496032
7.805201,10,706.763686
14.002943,17,707.198299
14.354335,16,707.595478
12.550283,17,707.972901
15.106234,17,708.42878
12.689172,17,708.833921
12.689172,17,709.224593
10.119197,12,709.508675
11.438308,17,709.923
14.141832,17,710.354911
14.884012,17,710.784942
10.064687,12,711.061222
12.633616,17,711.44571
14.689568,17,711.870136
15.134012,17,712.26014
14.086277,17,712.704757
12.522505,17,713.169921
12.744727,17,713.549937
15.134012,17,735.573878
10.636307,13,735.942342
15.134012,17,736.418064
15.106234,17,737.040813
12.661394,17,737.613162
15.134012,17,738.118227
12.633616,17,738.568536
11.745482,14,738.955063
15.271001,17,739.377248
14.480309,17,739.810984
12.661394,17,740.235307
11.800283,17,740.712081
15.078457,17,741.153614
12.661394,17,741.570224
12.661394,17,742.019734
13.440506,17,742.412072
12.383616,17,742.838642
10.665154,15,743.176759
15.189568,17,743.570917
15.078457,17,743.979738
14.800679,17,744.3843
13.523887,17,744.783795
15.134012,17,745.242582
12.605839,17,745.651818
12.633616,17,746.070972
12.355839,17,746.448266
12.633616,17,746.843519
14.522901,17,747.262703
12.661394,17,747.657087
15.16179,17,748.052556
13.225165,16,767.895921
15.16179,17,768.365708
9.169085,11,768.664522
15.106234,17,769.128924
15.134012,17,769.578536
14.522901,17,770.150642
12.816667,17,770.567101
15.050679,17,771.058683
12.550283,17,771.481506
15.106234,17,771.906459
15.106234,17,772.319313
15.134012,17,772.714936
13.142332,16,773.091498
13.907462,17,773.481272
15.16179,17,773.885265
15.189568,17,774.281726
15.189568,17,774.665902
13.467346,16,775.047118
12.661394,17,775.485559
14.439568,17,775.896887
15.106234,17,776.320167
15.078457,17,776.774387
15.189568,17,777.237726
14.550679,17,777.663088
15.106234,17,778.105953
13.585752,16,778.478107
10.058685,12,778.770052
12.661394,17,779.203418
13.634003,16,779.632704
12.578013,17,780.086858
11.336463,14,780.442474
15.189568,17,800.388062
15.189568,17,800.762004
12.578061,17,801.153187
15.16179,17,801.547755
15.189568,17,802.001967
15.217346,17,802.400603
15.245123,17,802.784426
12.191373,16,803.163021
12.661394,17,803.554452
14.300679,17,803.967453
12.135875,16,804.326096
15.134012,17,804.704857
15.217346,17,805.10961
15.106234,17,805.498259
12.633616,17,805.884423
12.135875,16,806.271574
14.300679,17,806.649354
14.141832,17,807.049652
13.745123,16,807.434137
15.134012,17,807.831292
12.439172,17,808.269151
12.605839,17,808.65012
13.60722,17,809.076492
15.078457,17,809.482534
12.633616,17,809.859114
15.134012,17,810.268538
14.384012,17,810.672384
12.550283,17,811.111403
12.108097,16,811.520268
14.272901,17,811.927555
14.745123,17,812.327307
13.85722,17,832.406617
14.522901,17,832.827362
15.16179,17,833.284368
12.133616,17,833.753631
15.189568,17,834.202682
15.134012,17,834.621338
15.189568,17,835.07561
12.661394,17,835.455195
15.16179,17,835.84351
15.134012,17,836.24439
14.384012,17,836.626826
14.550679,17,837.001701
15.134012,17,837.441209
15.134012,17,837.89727
15.16179,17,838.367551
15.022901,17,838.763188
12.494727,17,839.146319
14.16961,17,839.614925
14.384012,17,840.009115
12.633616,17,840.475664
15.134012,17,840.906453
14.383148,17,841.483881
15.106234,17,842.000009
15.289563,17,842.469383
15.16179,17,842.902867
15.106234,17,843.330386
13.977203,17,843.755355
12.605839,17,844.254616
10.960272,13,844.58452
12.633616,17,845.017143
11.855839,17,874.058461
15.16179,17,874.455511
15.050679,17,874.855632
15.16179,17,875.39956
15.16179,17,876.000228
15.134012,17,876.445675
15.022901,17,876.901089
12.578061,17,877.329067
15.106234,17,877.729846
12.605839,17,878.17351
15.050679,17,878.612616
15.078457,17,879.043836
12.71695,17,879.443837
13.718331,17,879.88885
12.633616,17,880.343446
12.633616,17,880.739786
12.605839,17,881.15654
15.050679,17,881.588878
15.189568,17,881.974626
13.319178,16,882.408365
15.189568,17,882.814371
15.16179,17,883.207636
14.689568,17,883.695958
15.16179,17,884.180469
15.134012,17,884.60299
13.106593,16,885.011801
15.106234,17,885.480608
15.134012,17,885.951242
15.134012,17,886.402808
15.134012,17,886.909958
12.661394,17,907.609298
12.661394,17,908.035627
13.688704,16,908.409482
12.605839,17,908.836453
12.689172,17,909.389143
12.605839,17,909.869325
10.812413,13,910.202209
12.689172,17,910.646495
15.134012,17,911.030709
13.058499,16,911.41465
14.550679,17,911.854918
12.635266,15,912.207138
12.46695,17,912.664604
12.633616,17,913.042473
14.91179,17,913.443528
15.16179,17,913.869717
12.661394,17,914.301977
14.467346,17,914.720485
15.189568,17,915.120886
14.522901,17,915.487945
14.058499,17,915.885809
15.189568,17,916.264495
12.163653,16,916.659698
13.717013,16,917.071164
11.013622,13,917.401632
15.134012,17,917.811293
15.189291,17,918.193386
12.689172,17,918.574265
14.002943,17,918.95993
12.689172,17,919.343848
15.134012,17,919.766132
12.633616,17,939.113487
12.661394,17,939.511333
15.134012,17,939.942021
11.842225,14,940.263574
12.661394,17,940.621777
15.189568,17,941.016968
12.633616,17,941.446908
15.16179,17,941.867703
15.134012,17,942.252894
12.661394,17,942.643019
15.134012,17,943.047541
13.384998,17,943.439424
12.243337,15,943.826931
15.189568,17,944.225969
15.16179,17,944.627922
15.134012,17,945.051651
15.189568,17,945.427815
12.661394,17,945.841688
12.550283,17,946.208453
12.689172,17,946.601128
15.134012,17,947.010845
11.808685,14,947.325273
15.16179,17,947.721637
12.578061,17,948.124353
12.605839,17,948.503594
12.661394,17,948.896858
13.814687,17,949.261535
12.633616,17,949.648682
14.606234,17,950.081869
12.689172,17,950.455577
15.134012,17,950.881474
9.230309,11,970.687285
15.189568,17,971.169651
12.46695,17,971.583627
13.873086,17,971.994246
15.050679,17,972.450225
15.134012,17,972.98212
12.689172,17,973.398186
12.411394,17,973.827718
12.633616,17,974.236382
15.16179,17,974.722863
12.661394,17,975.211967
15.134012,17,975.617387
14.467346,17,976.039019
13.884998,17,976.446035
15.16179,17,976.91735
14.439568,17,977.306068
10.952329,13,977.606266
12.522505,17,978.026998
15.16179,17,978.534704
15.134012,17,979.048606
15.134012,17,979.646559
12.550283,17,980.206779
12.605839,17,980.645012
15.16179,17,981.066456
15.134012,17,981.499096
15.189568,17,981.964477
12.578061,17,982.370939
14.272901,17,982.764085
12.633616,17,983.17888
14.91179,17,983.577244
12.661394,17,984.022862
12.633616,17,1005.173141
11.855839,17,1005.580098
15.134012,17,1006.004742
14.114054,17,1006.440143
12.313642,15,1006.802897
15.16179,17,1007.269471
12.661394,17,1007.667465
12.661394,17,1008.0828
15.16179,17,1008.470985
15.16179,17,1008.892064
12.605839,17,1009.379346
12.605839,17,1009.791502
15.217346,17,1010.268219
12.689172,17,1010.713019
15.189568,17,1011.20835
11.896975,14,1011.696491
12.689172,17,1012.167102
14.745123,17,1012.631552
12.689172,17,1013.060938
12.326678,15,1013.415591
15.106234,17,1013.904118
15.134012,17,1014.383925
14.141832,17,1014.855698
14.550679,17,1015.331521
14.634012,17,1015.76143
15.189568,17,1016.21595
12.578061,17,1016.578707
12.661394,17,1017.000671
12.689172,17,1017.403904
12.761389,17,1017.904772
12.689172,17,1039.129383
15.189568,17,1039.560663
15.134012,17,1040.000142
10.135975,12,1040.308729
15.189568,17,1040.745362
14.217346,17,1041.249849
12.383616,17,1041.678892
10.967346,13,1042.093887
13.975165,17,1042.5649
15.16179,17,1042.98874
15.134012,17,1043.382777
10.174753,12,1043.716918
12.605839,17,1044.133519
12.661394,17,1044.536968
12.633616,17,1044.947065
14.467346,17,1045.336926
15.078457,17,1045.740431
13.440554,17,1046.140175
12.689172,17,1046.518506
12.133616,17,1046.910135
14.467346,17,1047.297375
11.836777,14,1047.596039
14.467346,17,1048.015233
14.252943,17,1048.40694
12.689172,17,1048.798013
14.002943,17,1049.189965
14.38437,17,1049.575075
15.134012,17,1049.982285
8.343019,10,1050.228272
12.661394,17,1050.636066
14.828457,17,1051.046143
15.16179,17,1051.443365
12.689172,17,1071.451368
15.106234,17,1071.935595
12.689172,17,1072.476712
12.661394,17,1072.933782
12.605839,17,1073.404064
15.189568,17,1073.863855
15.16179,17,1074.34907
14.66179,17,1074.79517
12.605839,17,1075.300098
14.002943,17,1075.75183
15.189568,17,1076.196336
12.661394,17,1076.635824
15.134012,17,1077.030581
15.078457,17,1077.521904
12.633616,17,1077.973007
12.163643,16,1078.377497
13.947388,17,1078.825217
12.633616,17,1079.284646
15.189568,17,1079.679173
15.134012,17,1080.096179
12.578061,17,1080.515922
12.550283,17,1080.981789
12.661394,17,1081.472668
15.16179,17,1081.87634
10.993337,13,1082.194596
12.689172,17,1082.649358
12.605839,17,1083.11927
14.300679,17,1083.559395
15.189568,17,1083.99336
15.078457,17,1084.494091
14.356234,17,1105.926196
12.578061,17,1106.441477
12.605839,17,1106.943622
12.661394,17,1107.435667
12.160003,15,1107.85111
12.633616,17,1108.321799
15.16179,17,1108.795846
15.106234,17,1109.189729
15.16179,17,1109.63909
12.022505,17,1110.127537
12.605839,17,1110.653641
15.106234,17,1111.161683
12.522505,17,1111.618212
15.134012,17,1112.109483
12.633616,17,1112.626024
13.123086,16,1113.053618
13.829443,17,1113.514962
14.578456,17,1114.056006
12.661394,17,1114.462928
13.746109,17,1114.876445
12.661394,17,1115.284459
15.134012,17,1115.681553
14.272901,17,1116.178039
12.661394,17,1116.574509
12.605839,17,1116.99068
15.050679,17,1117.492328
15.16179,17,1117.941737
15.106234,17,1118.373573
12.633616,17,1118.819564
12.661394,17,1119.238632
15.189568,17,1139.794141
12.661394,17,1140.18757
12.689172,17,1140.661154
12.689172,17,1141.206076
15.134012,17,1141.625228
12.522505,17,1142.041203
12.744727,17,1142.451222
15.16179,17,1142.857931
14.717346,17,1143.254849
15.134012,17,1143.690008
15.16179,17,1144.137753
13.605273,17,1144.540514
12.605839,17,1144.937751
12.661394,17,1145.406561
13.690554,17,1145.851829
12.633616,17,1146.239798
15.189568,17,1146.656567
12.661394,17,1147.075144
12.578061,17,1147.490942
15.16179,17,1147.906324
12.605839,17,1148.341995
12.661394,17,1148.758306
12.689172,17,1149.223171
15.134012,17,1149.694154
15.16179,17,1150.105514
8.308001,10,1150.369657
15.189568,17,1150.777868
14.550679,17,1151.272728
15.189568,17,1151.794316
12.633616,17,1152.236584
15.16179,17,1152.692925
14.578457,17,1173.689322
15.078457,17,1174.113397
15.078457,17,1174.508413
15.16179,17,1174.935977
12.605839,17,1175.389638
12.550283,17,1175.84983
15.16179,17,1176.337238
14.328457,16,1176.805504
12.605839,17,1177.205581
12.661394,17,1177.604377
15.134012,17,1178.072911
14.689568,17,1178.488208
12.302642,15,1178.857263
15.134012,17,1179.359987
15.16179,17,1179.761139
15.189568,17,1180.180652
15.134012,17,1180.722152
12.578061,17,1181.252175
13.718331,17,1181.772452
14.550679,17,1182.270483
12.550283,17,1182.722364
14.66179,17,1183.148444
15.134012,17,1183.590154
15.16179,17,1184.058379
15.189568,17,1184.55468
14.114054,17,1185.079256
12.191373,16,1185.504768
12.689164,17,1185.91499
15.16179,17,1186.375125
12.633616,17,1186.851855
12.707456,17,1207.631722
14.308499,17,1208.019309
14.596956,17,1208.477097
15.106234,17,1208.992267
15.189568,17,1209.517627
12.522505,17,1209.971058
15.134012,17,1210.411058
12.494727,17,1210.897272
15.16179,17,1211.362505
11.71695,17,1211.8283
12.327592,15,1212.205706
12.689172,17,1212.630358
14.606234,17,1213.060293
12.57667,15,1213.422242
15.16179,17,1213.912441
14.995123,17,1214.346122
15.16179,17,1214.816693
12.550283,17,1215.240127
12.21695,17,1215.629959
12.689172,17,1216.117321
15.134012,17,1216.646024
12.689172,17,1217.143108
12.633616,17,1217.611929
12.661394,17,1218.046255
15.134012,17,1218.5448
12.265828,15,1218.928345
14.939568,17,1219.313752
7.508086,9,1219.561214
12.633616,17,1220.008323
12.661394,17,1220.502151
15.134012,17,1220.974777
12.578061,17,1242.341038
15.189568,17,1242.730545
14.91179,17,1243.113964
15.078457,17,1243.488697
14.577592,17,1243.868662
11.669796,14,1244.202008
11.870243,14,1244.519172
15.16179,17,1244.97456
11.27869,15,1245.386208
13.85722,17,1245.786505
12.494727,17,1246.193475
14.013622,17,1246.597161
12.633616,17,1247.006252
14.42011,17,1247.402414
15.189568,17,1247.814487
13.219309,16,1248.171234
14.467346,17,1248.593339
12.661394,17,1249.009851
15.16179,17,1249.394084
12.661394,17,1249.782696
12.319178,15,1250.129475
13.496109,17,1250.521083
14.300679,16,1250.924101
15.078457,17,1251.310498
15.078457,17,1251.734374
14.606234,17,1252.164472
12.605839,17,1252.555189
10.930289,13,1252.885836
15.161743,17,1253.313051
15.16179,17,1253.707603
12.689172,17,1254.100048
15.150674,17,1274.313357
15.189568,17,1274.787008
15.189568,17,1275.210253
15.134012,17,1275.617714
15.134012,17,1276.143575
15.106234,17,1276.594986
15.217346,17,1277.12013
13.975165,17,1277.578002
12.689172,17,1277.99119
15.189568,17,1278.452333
15.134012,17,1278.90326
14.578457,17,1279.32319
15.16179,17,1279.743854
15.134012,17,1280.151344
13.975165,17,1280.603145
12.661394,17,1281.041152
15.16179,17,1281.471536
15.078457,17,1281.946793
10.707405,14,1282.291094
14.048892,17,1282.694144
15.189568,17,1283.085818
12.689172,17,1283.496173
12.689172,17,1283.904262
14.550679,17,1284.328526
14.939568,17,1284.778231
15.16179,17,1285.18709
12.605839,17,1285.571623
15.16179,17,1285.989252
12.166369,16,1286.348799
15.134012,17,1286.764527
15.134012,17,1287.156813
14.564448,17,1307.459091
14.086277,17,1307.929489
15.106234,17,1308.458937
15.106234,17,1308.921674
12.661394,17,1309.459103
12.163653,16,1309.902299
15.134012,17,1310.323644
11.774155,14,1310.654377
15.050679,17,1311.038064
12.661394,17,1311.431399
15.16179,17,1311.830166
12.716942,17,1312.23579
15.134012,17,1312.617969
15.16179,17,1313.0158
15.134012,17,1313.419564
12.550283,17,1313.808456
12.578061,17,1314.215404
15.180074,17,1314.586397
12.715327,17,1314.971663
8.385975,10,1315.212348
12.661394,17,1315.59663
15.16179,17,1316.002681
12.689172,17,1316.395281
12.411394,17,1316.782721
14.634012,17,1317.215703
12.689172,17,1317.582907
15.134012,17,1317.99299
15.106234,17,1318.391817
15.189568,17,1318.870028
14.41179,17,1319.38951
15.189568,17,1339.985183
13.947388,17,1340.358334
15.245123,17,1340.764721
14.364054,17,1341.154438
13.91602,17,1341.593291
14.586277,17,1341.97879
15.134012,17,1342.406714
13.801665,17,1342.789993
12.633616,17,1343.164152
12.135873,16,1343.553729
15.134012,17,1343.938111
12.689172,17,1344.380023
12.661394,17,1344.74644
12.689172,17,1345.191699
12.633616,17,1345.584166
15.134012,17,1346.043249
15.106234,17,1346.449471
10.76296,14,1346.78487
12.633616,17,1347.194935
15.078457,17,1347.583801
12.689172,17,1348.011436
12.605839,17,1348.394742
14.412148,17,1348.778675
15.189568,17,1349.160942
13.773887,17,1349.545658
15.189568,17,1349.932909
15.16179,17,1350.336525
15.189568,17,1350.71886
12.689172,17,1351.09624
15.16179,17,1351.529618
12.633616,17,1351.904558
15.16179,17,1373.148942
15.134012,17,1373.62078
12.689172,17,1374.154414
14.217346,17,1374.604163
15.106234,17,1375.032005
10.956419,13,1375.333173
14.114054,17,1375.718335
12.661394,17,1376.130839
15.16179,17,1376.566415
13.985845,17,1376.991492
12.633616,17,1377.477696
12.550283,17,1377.945973
12.300283,17,1378.374683
12.494727,17,1378.791135
13.947574,17,1379.165221
15.16179,17,1379.584345
14.086277,17,1379.972103
12.578061,17,1380.378178
14.634012,17,1380.762472
12.605839,17,1381.173111
15.245123,17,1381.615231
15.189568,17,1382.016238
12.633616,17,1382.478908
12.439172,17,1382.897465
12.21695,17,1383.334807
10.953337,13,1383.71751
12.633616,17,1384.174813
15.16179,17,1384.639421
12.633616,17,1385.131946
15.134012,17,1385.658441
14.495123,17,1407.068848
12.689172,17,1407.559444
12.689172,17,1408.013549
15.134012,17,1408.468107
12.661394,17,1408.989762
14.717346,17,1409.510807
12.689172,17,1409.988534
15.207852,17,1410.453206
15.189568,17,1410.931066
12.633616,17,1411.314787
15.189568,17,1411.810242
14.356234,17,1412.279898
12.414171,17,1412.723736
14.356234,17,1413.241194
14.058499,17,1413.674694
12.550283,17,1414.087734
12.661394,17,1414.543641
15.189568,17,1415.094416
14.16961,17,1415.551085
14.460272,17,1416.007815
12.689172,17,1416.477137
15.16179,17,1416.892597
15.134012,17,1417.42497
12.661394,17,1417.878
15.189568,17,1418.380785
12.661394,17,1418.865144
12.633616,17,1419.306149
15.189568,17,1419.775563
12.605839,17,1420.224011
12.661394,17,1420.668355
11.337763,15,1421.027427
13.835752,17,1442.209545
14.225165,17,1442.599775
15.078457,17,1443.022227
14.550679,17,1443.406075
15.16179,17,1443.796486
12.661394,17,1444.201928
12.244727,17,1444.613149
12.633616,17,1445.112489
14.495123,17,1445.483723
11.036909,13,1445.7957
13.891832,17,1446.207191
12.105839,17,1446.627532
14.495123,17,1447.036435
12.633616,17,1447.41198
15.16179,17,1447.804229
15.189568,17,1448.23173
12.605839,17,1448.613409
15.022901,17,1449.071113
12.661394,17,1449.509253
15.16179,17,1449.921768
12.789167,17,1450.377294
12.633616,17,1450.820655
15.16179,17,1451.2365
15.189568,17,1451.65243
14.002943,17,1452.081628
14.967346,17,1452.463976
12.697888,15,1452.868687
12.578061,17,1453.322695
15.134012,17,1453.862889
15.16179,17,1454.375558
10.031221,12,1485.385412
15.078457,17,1485.87605
12.661394,17,1486.333178
15.134012,17,1486.750365
12.689172,17,1487.15194
13.662776,17,1487.627568
12.633616,17,1488.114446
12.299815,15,1488.481432
12.605839,17,1488.970162
13.281221,16,1489.402947
14.606234,17,1489.833995
13.496109,17,1490.250247
12.661394,17,1490.664176
15.16179,17,1491.093745
12.661394,17,1491.517227
15.134012,17,1491.969481
13.718331,17,1492.340007
12.689172,17,1492.828072
15.106234,17,1493.263601
11.910926,14,1493.783703
13.718331,17,1494.257659
13.85722,17,1494.712288
14.280721,17,1495.169919
13.829443,17,1495.616828
14.495123,17,1496.08255
15.189568,17,1496.535138
14.634012,17,1496.980446
15.16179,17,1497.408816
12.74445,17,1497.820965
15.16179,17,1498.233226
13.891832,17,1498.594972
14.16961,17,1518.539335
13.660829,17,1519.002776
12.19143,16,1519.367733
15.134012,17,1519.805882
12.550283,17,1520.310827
12.689172,17,1520.739455
13.801665,17,1521.119195
12.244727,17,1521.517832
14.522901,17,1521.935518
12.689172,17,1522.304766
10.146975,12,1522.580935
12.050283,17,1522.970947
12.633616,17,1523.348465
14.522901,17,1523.789243
12.258892,15,1524.156849
15.16179,17,1524.585459
13.60722,17,1524.99248
14.272901,17,1525.388628
12.661394,17,1525.767032
15.16179,17,1526.193713
15.16179,17,1526.556526
12.707456,17,1526.946083
15.189568,17,1527.359327
11.551037,14,1527.678317
14.41179,16,1528.057948
12.661394,17,1528.469123
15.189568,17,1528.862139
14.384012,17,1529.270383
15.16179,17,1529.725216
15.189568,17,1530.165621
12.328061,17,1530.597166
15.134012,17,1551.221528
13.690554,17,1551.606715
12.439172,17,1552.037112
13.690554,17,1552.425701
12.578061,17,1552.875178
14.197388,17,1553.365814
14.114054,17,1553.752415
12.689172,17,1554.159273
12.633616,17,1554.555378
15.16179,17,1554.961306
15.106234,17,1555.382874
14.550679,17,1555.764539
14.41179,17,1556.199725
12.689172,17,1556.61271
15.134012,17,1557.001776
15.16179,17,1557.404324
15.189568,17,1557.794673
15.078457,17,1558.188157
13.91961,17,1558.586853
12.050283,17,1558.971241
15.134012,17,1559.385141
12.661394,17,1559.787054
14.606234,17,1560.225107
12.689172,17,1560.614177
11.024864,13,1560.927769
12.689172,17,1561.313926
13.773887,17,1561.717048
12.661394,17,1562.103186
15.134012,17,1562.514873
15.16179,17,1562.895856
15.134012,17,1583.818026
13.523887,17,1584.328677
12.661394,17,1584.795736
12.661394,17,1585.409679
15.134012,17,1585.931684
13.745123,16,1586.469416
15.134012,17,1586.840984
14.225165,17,1587.372432
15.106234,17,1587.877937
15.16179,17,1588.357285
15.16179,17,1588.765823
13.718331,17,1589.206352
12.022505,17,1589.711127
15.16179,17,1590.117582
13.162148,16,1590.518615
12.689172,17,1590.938277
12.689172,17,1591.369351
15.189568,17,1591.83619
15.189568,17,1592.305919
12.633616,17,1592.675276
14.522901,17,1593.061515
15.16179,17,1593.467301
12.105839,17,1594.03324
15.189568,17,1594.536835
14.41179,17,1595.042502
15.16179,17,1595.553652
12.633616,17,1596.020716
15.217346,17,1596.482952
12.633616,17,1596.909719
15.134012,17,1597.40671
14.717346,17,1618.09811
12.661394,17,1618.509034
12.689172,17,1618.969392
13.718331,17,1619.369251
14.356234,17,1619.941215
12.633616,17,1620.389308
12.661394,17,1620.830407
10.885266,13,1621.149359
12.661394,17,1621.704769
12.369197,15,1622.139935
14.634012,17,1622.535832
13.308499,16,1622.898201
13.773887,17,1623.305844
15.189568,17,1623.693692
12.661394,17,1624.233165
14.939568,17,1624.744466
15.16179,17,1625.139454
14.550679,17,1625.603869
15.134012,17,1626.01417
15.16179,17,1626.541644
15.16179,17,1626.956071
12.050283,17,1627.479989
13.208067,16,1627.940773
12.689172,17,1628.410139
14.66179,17,1628.924081
14.384012,17,1629.440062
7.962085,10,1629.710951
14.66179,17,1630.183892
15.189568,17,1630.703725
14.578457,17,1631.163656
15.134012,17,1631.672481
15.189568,17,1651.943512
14.197388,17,1652.347713
14.300679,17,1652.771467
12.689172,17,1653.165836
15.189568,17,1653.586786
15.16179,17,1654.007085
15.16179,17,1654.423259
15.16179,17,1654.859605
15.189568,17,1655.291867
15.134012,17,1655.697936
12.133616,17,1656.079882
14.114054,17,1656.493814
14.197388,17,1656.87999
15.245076,17,1657.251615
13.91961,17,1657.696455
15.078457,17,1658.091968
12.689172,17,1658.46547
14.902296,17,1658.855787
12.689172,17,1659.245919
15.050679,17,1659.649548
14.141832,17,1660.044376
14.548892,17,1660.445848
15.078457,17,1660.870106
15.16179,17,1661.233551
15.16179,17,1661.641587
15.134012,17,1662.024203
15.189568,17,1662.410954
14.225165,17,1662.814234
13.801665,17,1663.182978
12.661394,17,1663.588803
14.356234,17,1683.200948
12.661394,17,1683.602381
14.467346,17,1683.985083
15.189568,17,1684.41302
14.356234,17,1684.932793
12.661394,17,1685.376155
15.189568,17,1685.853858
12.605839,17,1686.349407
12.404717,15,1686.770935
12.661394,17,1687.184289
12.633616,17,1687.610749
15.134012,17,1688.059562
15.134012,17,1688.482547
7.615011,10,1688.760931
14.578457,17,1689.210363
13.043606,16,1689.587361
12.578061,17,1690.040609
15.16179,17,1690.457456
15.16179,17,1690.889113
15.134012,17,1691.28606
11.383975,17,1691.737252
12.71695,17,1692.146036
14.588151,17,1692.552114
14.114054,17,1692.971657
15.189568,17,1693.370848
14.51146,16,1693.761257
12.716942,17,1694.17077
15.189568,17,1694.557285
14.66179,17,1695.014875
12.633616,17,1695.438225
14.41179,17,1695.849921
14.225165,17,1716.028893
12.661394,17,1716.419282
14.717346,17,1716.83367
14.272901,17,1717.259255
14.114054,17,1717.653287
14.634012,17,1718.09104
12.689172,17,1718.471535
12.661394,17,1718.933848
12.605839,17,1719.34801
14.086277,17,1719.766168
13.891832,17,1720.17865
14.300679,17,1720.562201
15.134012,17,1720.995027
15.106234,17,1721.389701
12.633616,17,1721.790872
14.114054,17,1722.199661
14.634012,17,1722.605977
12.689172,17,1723.000075
15.189568,17,1723.402988
15.16179,17,1723.81818
12.133616,17,1724.21264
13.85722,17,1724.612134
15.189568,17,1725.006187
13.690554,17,1725.382384
14.114054,17,1725.774067
13.91961,17,1726.178452
12.633616,17,1726.540899
13.746109,17,1727.000399
12.661394,17,1727.463763
15.16179,17,1727.903268
12.633616,17,1748.519635
15.050679,17,1748.929384
15.189568,17,1749.356632
13.975165,17,1749.725572
12.689172,17,1750.20007
12.716902,17,1750.568886
13.690554,17,1750.962814
15.134012,17,1751.369282
12.633616,17,1751.76819
13.960272,17,1752.168662
13.744487,17,1752.546916
14.634012,17,1752.930576
11.502419,14,1753.279807
15.134012,17,1753.671406
14.356234,17,1754.062266
15.16179,17,1754.455178
12.411394,17,1754.833547
11.149883,16,1755.226263
15.16179,17,1755.621392
15.134012,17,1756.002505
15.106234,17,1756.393177
10.938704,13,1756.676849
12.689172,17,1757.072183
14.717346,17,1757.492963
14.141832,17,1757.855228
14.439568,17,1758.246132
14.66179,17,1758.645599
12.689172,17,1759.029971
14.606234,17,1759.407691
14.606234,17,1759.805494
14.225165,17,1760.192023
13.579443,17,1780.603298
14.717346,17,1781.003254
14.717346,17,1781.399047
15.16179,17,1781.782604
12.133616,17,1782.199966
14.356234,17,1782.657415
15.16179,17,1783.128528
12.633616,17,1783.543472
12.633616,17,1784.00452
12.661394,17,1784.4096
14.41179,17,1784.791872
14.689568,17,1785.197295
14.114054,17,1785.625599
13.65816,16,1786.000367
14.606234,17,1786.406622
12.050283,17,1786.812121
15.106234,17,1787.220335
15.106234,17,1787.610757
12.105839,17,1787.975291
15.134012,17,1788.410034
14.550679,17,1788.825908
14.197388,17,1789.203263
12.633616,17,1789.598389
14.086277,17,1790.001851
15.16179,17,1790.422615
14.41179,17,1790.817723
13.549718,17,1791.224351
12.633616,17,1791.58519
12.605839,17,1791.980697
15.16179,17,1792.474241
14.522901,17,1813.026914
13.60722,17,1813.46971
14.578457,17,1813.921392
12.050283,17,1814.342006
14.550679,17,1814.824237
15.134012,17,1815.29796
15.16179,17,1815.775116
13.496109,17,1816.275118
14.578457,17,1816.764262
12.022505,17,1817.159484
12.605839,17,1817.621142
9.069178,11,1817.924181
15.344841,17,1818.375743
12.689172,17,1818.814243
15.16179,17,1819.278027
13.690554,17,1819.685867
15.106234,17,1820.100405
15.189568,17,1820.527588
11.836463,14,1820.888815
15.189568,17,1821.308311
15.050679,17,1821.739403
14.578457,17,1822.172597
15.189568,17,1822.594867
12.744727,17,1822.982168
15.16179,17,1823.417646
15.16179,17,1823.80276
15.106234,17,1824.261067
12.078061,17,1824.659844
15.189568,17,1825.095379
15.16179,17,1825.551812
12.661394,17,1825.978991
15.16179,17,1846.366508
13.801665,17,1846.779271
15.180074,17,1847.221504
15.16179,17,1847.683213
14.002943,17,1848.187666
12.244727,17,1848.58171
14.634012,17,1848.993966
15.16179,17,1849.390817
14.66179,17,1849.770289
14.995123,17,1850.184746
12.633616,17,1850.576073
15.16179,17,1850.982173
12.985845,16,1851.379336
12.661394,17,1851.740695
14.578457,17,1852.16401
12.661394,17,1852.545753
11.846956,14,1852.8681
12.689172,17,1853.270167
15.16179,17,1853.641363
15.16179,17,1854.030585
15.189568,17,1854.476169
13.662776,17,1854.893272
12.633616,17,1855.31238
12.633616,17,1855.702728
15.16179,17,1856.097656
14.495123,17,1856.522513
12.161394,17,1856.910759
12.633616,17,1857.315918
12.689172,17,1857.718946
12.661394,17,1858.128681
15.189568,17,1877.552068
13.718331,17,1877.939118
15.189568,17,1878.364987
12.661394,17,1878.806406
12.578061,17,1879.333525
15.16179,17,1879.734611
14.197388,17,1880.123523
13.746109,17,1880.539643
13.746109,17,1880.936303
14.16961,17,1881.32305
14.91179,17,1881.715451
15.189568,17,1882.096776
15.106234,17,1882.502354
11.855839,17,1882.891147
15.16179,17,1883.305667
15.16179,17,1883.683673
14.717346,17,1884.061484
12.633616,17,1884.460666
12.078061,17,1884.844464
14.114054,17,1885.272593
12.050283,17,1885.664876
14.578457,17,1886.081848
15.134012,17,1886.480156
12.383616,17,1886.848125
13.718331,17,1887.245836
12.550283,17,1887.645879
13.551665,17,1888.02539
15.106234,17,1888.428034
12.411394,17,1888.795316
15.134012,17,1889.205322
12.633616,17,1911.201169
12.633616,17,1911.598526
15.134012,17,1912.025738
14.197388,17,1912.466616
14.66179,17,1912.9206
14.66179,17,1913.425868
13.746109,17,1913.818006
14.606234,17,1914.200899
14.058499,17,1914.592126
12.050283,17,1914.977438
13.06753,16,1915.374414
14.606234,17,1915.800718
12.661394,17,1916.334237
14.197388,17,1916.791564
12.578061,17,1917.167507
12.133616,17,1917.584179
15.189568,17,1917.981362
14.086277,17,1918.357342
13.829443,17,1918.749944
14.578457,17,1919.139403
14.474641,17,1919.530431
13.746109,17,1919.933498
14.66179,17,1920.346236
14.634012,17,1920.774994
11.939172,17,1921.156244
12.661394,17,1921.550466
14.578457,17,1921.939594
14.356234,17,1922.324995
15.106234,17,1922.696615
13.801665,17,1923.102299
12.661394,17,1943.205624
15.189568,17,1943.598477
15.16179,17,1944.050974
13.773887,17,1944.53441
14.634012,17,1944.980183
13.746109,17,1945.440733
15.134012,17,1946.000201
14.689568,17,1946.574299
14.717346,17,1947.004467
15.189568,17,1947.440087
12.207815,16,1947.843669
13.947388,17,1948.237472
15.189568,17,1948.644842
14.606234,17,1949.058797
14.66179,17,1949.479339
15.16179,17,1949.998282
12.661394,17,1950.424487
14.225165,17,1950.855256
15.16179,17,1951.288477
14.550679,17,1951.690214
14.578457,17,1952.079603
13.690554,17,1952.506008
15.16179,17,1952.93797
14.578457,17,1953.378003
15.134012,17,1953.770297
15.134012,17,1954.164932
12.689172,17,1954.520051
15.078457,17,1954.913806
14.384012,16,1955.270483
12.633616,17,1955.66609
14.680074,17,1956.080348
15.16179,17,1976.07651
14.66179,17,1976.465705
13.152511,16,1976.886085
14.634012,17,1977.412848
14.578457,17,1977.859948
12.661394,17,1978.227165
12.633616,17,1978.599899
15.189568,17,1978.997562
14.578457,17,1979.38748
13.690554,17,1979.80859
14.634012,17,1980.192606
15.16179,17,1980.573266
15.16179,17,1980.97282
15.16179,17,1981.384961
12.633616,17,1981.787321
15.189568,17,1982.192975
15.16179,17,1982.604579
13.85722,17,1983.019673
14.197388,17,1983.402843
12.71695,17,1983.813806
15.189568,17,1984.253026
12.661394,17,1984.637838
15.16179,17,1985.032414
13.85722,17,1985.44325
14.606234,17,1985.845075
14.225165,17,1986.237334
14.606234,17,1986.651887
12.689172,17,1987.037583
15.134012,17,1987.441721
15.189568,17,1987.822149
14.66179,17,2007.471868
14.467346,17,2007.877903
14.66179,17,2008.267303
15.134012,17,2008.667149
14.16961,17,2009.059274
14.439568,17,2009.455334
13.773887,17,2009.870937
13.773887,17,2010.394275
12.689172,17,2010.803962
13.829443,17,2011.197114
12.763011,17,2011.574221
14.225165,17,2011.975093
12.661394,17,2012.365252
15.23563,17,2012.757219
12.661394,17,2013.159057
14.606234,17,2013.54669
15.134012,17,2013.960452
14.66179,17,2014.36747
12.633616,17,2014.782325
15.16179,17,2015.209457
14.058499,17,2015.593349
13.126939,16,2015.968563
14.606234,17,2016.368562
12.661394,17,2016.778139
15.16179,17,2017.161608
15.189568,17,2017.576189
15.16179,17,2017.977151
14.384012,17,2018.386763
15.16179,17,2018.813944
12.633616,17,2019.199729
14.66179,17,2040.58951
15.189568,17,2041.073041
14.16961,17,2041.489925
14.225165,17,2041.931439
15.16179,17,2042.45787
15.16179,17,2042.870806
14.66179,17,2043.295739
12.661394,17,2043.684727
15.16179,17,2044.17076
14.41179,17,2044.607451
12.21695,17,2045.002508
14.606234,17,2045.470262
13.968599,17,2045.936781
15.134012,17,2046.398577
14.66179,17,2046.899683
12.689172,17,2047.30884
13.891832,17,2047.769874
12.71695,17,2048.215473
12.578061,17,2048.661028
12.633616,17,2049.073469
14.522901,17,2049.519465
14.114054,17,2049.991994
15.16179,17,2050.426386
12.661394,17,2050.830861
12.105839,17,2051.271479
12.633616,17,2051.714796
13.746109,17,2052.167744
12.133616,17,2052.619226
15.134012,17,2053.099811
14.634012,17,2053.556738
15.189568,17,2078.454253
14.197388,17,2079.603757
15.078457,17,2080.959207
13.773887,17,2081.946433
15.189568,17,2082.575266
15.16179,17,2083.213154
15.16179,17,2083.789547
15.16179,17,2084.383768
14.634012,17,2084.929224
11.864555,14,2085.395851
10.947574,13,2085.830678
12.689172,17,2086.353707
15.189568,17,2086.933759
14.717346,17,2087.522552
15.189568,17,2088.068806
14.002943,17,2088.661403
15.16179,17,2089.180127
11.549815,14,2089.524009
13.718331,17,2089.925303
13.801665,17,2090.361516
13.718331,17,2090.764359
14.606234,17,2091.17287
14.66179,17,2091.590571
12.578061,17,2091.985326
12.661394,17,2092.410145
15.134012,17,2092.821177
12.661394,17,2093.245676
12.411394,17,2093.67098
14.197388,17,2094.135815
15.16179,17,2094.704118
12.661394,17,2095.141259
13.773887,17,2117.564476
12.161394,17,2117.939647
12.633616,17,2118.355142
15.189568,17,2118.745747
14.606234,17,2119.130561
15.189568,17,2119.530228
14.225165,17,2119.92284
13.85722,17,2120.320988
14.66179,17,2120.71622
13.773887,17,2121.099787
15.189568,17,2121.508983
12.661394,17,2122.013618
14.606234,17,2122.439212
12.661394,17,2122.918163
14.66179,17,2123.366783
14.16961,17,2123.813717
14.197388,17,2124.225482
14.197388,17,2124.632278
12.689172,17,2125.111645
13.773887,17,2125.628446
15.134012,17,2126.078235
14.16961,17,2126.608662
13.633051,17,2127.094818
15.16179,17,2127.559971
12.689172,17,2127.974289
14.058499,17,2128.398229
14.717346,17,2128.839582
12.689172,17,2129.289358
13.263407,16,2129.665172
14.634012,17,2130.075529
14.634012,17,2150.580108
14.59142,17,2150.981267
13.85722,17,2151.37417
15.16179,17,2151.760097
15.16179,17,2152.15933
15.16179,17,2152.589286
15.16179,17,2152.985898
13.718331,17,2153.372775
14.16961,17,2153.766697
12.633616,17,2154.163691
12.661394,17,2154.547248
15.189568,17,2154.962748
15.16179,17,2155.38575
13.773887,17,2155.786586
13.746109,17,2156.169087
12.689172,17,2156.580994
15.16179,17,2156.985835
12.661394,17,2157.43609
14.66179,17,2157.872417
14.66179,17,2158.261851
14.689568,17,2158.655772
13.773887,17,2159.041548
13.773887,17,2159.466231
14.634012,17,2159.844603
12.661394,17,2160.236414
14.717346,17,2160.649048
15.16179,17,2161.033886
15.189568,17,2161.424226
13.773887,17,2161.834796
15.16179,17,2162.228097
15.16179,17,2182.605973
14.634012,17,2183.091397
13.718331,17,2183.479445
14.550679,17,2184.011055
14.225165,17,2184.49991
14.634012,17,2184.93071
14.16961,17,2185.345919
15.16179,17,2185.817903
15.134012,17,2186.274662
14.225165,17,2186.726945
12.289752,15,2187.10601
14.66179,17,2187.534525
15.134012,17,2188.0489
14.578457,17,2188.450513
14.606234,17,2188.844715
13.746109,17,2189.257739
15.106234,17,2189.717251
10.086463,12,2190.002486
14.634012,17,2190.499964
12.661394,17,2190.928684
15.16179,17,2191.332223
15.078457,17,2191.897614
12.133616,17,2192.448415
15.16179,17,2192.98459
14.16961,17,2193.461142
15.106234,17,2194.01039
14.634012,17,2194.427727
14.16961,17,2194.835729
12.661394,17,2195.273267
13.773887,17,2195.767942
14.66179,17,2196.175239
15.16179,17,2216.687259
13.746109,17,2217.206273
14.197388,17,2217.641073
15.16179,17,2218.044679
14.225165,17,2218.458337
14.41179,17,2218.848104
14.197388,17,2219.229929
13.829443,17,2219.613314
12.661394,17,2220.025926
15.16179,17,2220.423314
14.689568,17,2220.826555
15.134012,17,2221.233243
14.606234,17,2221.588921
14.66179,17,2222.000549
14.634012,17,2222.375819
14.606234,17,2222.77556
13.975165,17,2223.177892
14.225165,17,2223.562337
15.16179,17,2223.982301
12.633616,17,2224.365117
15.134012,17,2224.765504
15.16179,17,2225.160778
14.634012,17,2225.546728
12.661394,17,2225.931116
15.189568,17,2226.335152
15.078457,17,2226.7249
15.16179,17,2227.117218
13.829443,17,2227.588268
15.16179,17,2228.011582
13.746109,17,2228.466437
12.661394,17,2248.55411
14.772901,17,2248.962796
14.197388,17,2249.359246
15.189568,17,2249.804278
15.16179,17,2250.36657
15.16179,17,2250.812936
14.967346,17,2251.200821
14.197388,17,2251.589181
14.225165,17,2251.98838
12.105839,17,2252.371329
14.634012,17,2252.756151
15.189568,17,2253.167
15.189568,17,2253.539847
14.66179,17,2253.952967
15.16179,17,2254.344304
12.633616,17,2254.719448
13.829443,17,2255.122085
12.661394,17,2255.509648
13.14802,16,2255.918162
15.189568,17,2256.325838
14.606234,17,2256.697014
10.07667,12,2256.98085
15.189568,17,2257.383605
12.133616,17,2257.796528
14.578457,17,2258.286314
15.16179,17,2258.77361
14.356234,17,2259.186208
14.717346,17,2259.576542
12.30306,17,2260.004985
15.106234,17,2260.401423
14.225165,17,2280.023664
14.634012,17,2280.428928
14.225165,17,2280.913755
15.078457,17,2281.428375
14.141832,17,2281.805171
11.063642,13,2282.122607
15.189568,17,2282.517691
12.314448,15,2282.853329
15.16179,17,2283.279402
14.197388,17,2283.6573
15.16179,17,2284.056629
14.634012,17,2284.453715
13.746109,17,2284.824325
12.161394,17,2285.234628
15.134012,17,2285.66094
15.134012,17,2286.06046
12.105839,17,2286.469942
14.634012,17,2286.857198
15.16179,17,2287.260653
15.16179,17,2287.648048
15.189568,17,2288.061282
13.773887,17,2288.472482
14.141832,17,2288.88617
15.16179,17,2289.283692
10.790738,14,2289.613977
14.634012,17,2290.015872
14.197388,17,2290.408875
14.225165,17,2290.832591
15.16179,17,2291.239906
14.141832,17,2291.648569
13.801665,17,2292.066313
13.718331,17,2311.787847
15.16179,17,2312.204896
13.662776,17,2312.611256
14.717346,17,2313.122642
13.829443,17,2313.62205
15.189568,17,2314.015718
14.578457,17,2314.406221
14.66179,17,2314.79101
14.141832,17,2315.219514
14.550679,17,2315.61479
14.634012,17,2315.976102
13.985845,17,2316.404704
14.197388,17,2316.791445
14.606234,17,2317.202775
15.134012,17,2317.583707
15.189568,17,2317.958004
13.85722,17,2318.337804
14.66179,17,2318.752694
14.634012,17,2319.16305
14.66179,17,2319.571755
13.718331,17,2319.946863
13.829443,17,2320.329318
13.718331,17,2320.750352
14.66179,17,2321.149606
12.105839,17,2321.53859
14.16961,17,2321.9534
14.634012,17,2322.396431
15.189568,17,2322.783068
13.746109,17,2323.197176
13.801665,17,2323.593484
12.661394,17,2343.343031
14.225165,17,2343.782807
12.661394,17,2344.299814
15.189568,17,2344.725146
12.133616,17,2345.097712
14.606234,17,2345.515918
13.801665,17,2345.912338
14.66179,17,2346.331878
14.225165,17,2346.712663
10.057974,12,2346.977458
14.225165,17,2347.384604
14.715723,17,2347.777724
14.66179,17,2348.190047
12.133616,17,2348.592057
14.66179,17,2348.984079
14.66179,17,2349.395339
14.634012,17,2349.781075
14.522901,17,2350.195019
14.197388,17,2350.594463
13.801665,17,2350.96814
14.634012,17,2351.3454
14.939568,17,2351.736604
14.66179,17,2352.142475
15.16179,17,2352.544704
14.16961,17,2352.94498
15.16179,17,2353.34614
15.16179,17,2353.752434
14.114054,17,2354.160909
14.197388,17,2354.537889
15.189568,17,2354.941336
14.225165,17,2374.8956
12.661394,17,2375.406341
15.189568,17,2375.850274
14.197388,17,2376.403811
15.189568,17,2376.846656
13.147781,16,2377.250185
15.189568,17,2377.7097
15.189568,17,2378.187097
14.66179,17,2378.645025
14.225165,17,2379.06637
14.634012,17,2379.486632
13.801665,17,2379.898328
14.225165,17,2380.47466
12.578061,17,2380.969182
14.66179,17,2381.465337
14.606234,17,2381.949668
12.707456,17,2382.552521
13.85722,17,2383.029958
14.652296,17,2383.464099
15.189568,17,2384.031715
14.225165,17,2384.513415
11.807974,14,2384.907814
14.939568,17,2385.413457
12.689172,17,2385.876892
14.634012,17,2386.387292
15.106234,17,2386.897032
14.578457,17,2387.379714
15.189568,17,2387.923218
12.605839,17,2388.424366
14.550679,17,2388.839472
11.849161,14,2389.173002
15.189568,17,2410.053966
13.718331,17,2410.470813
12.133616,17,2410.856262
15.189568,17,2411.26895
14.689568,17,2411.665464
14.197388,17,2412.10173
14.772901,17,2412.688905
14.66179,17,2413.325988
14.002943,17,2413.802736
14.197388,17,2414.19783
14.745123,17,2414.597852
12.133616,17,2414.989442
14.634012,17,2415.428212
12.661394,17,2415.945436
15.16179,17,2416.415799
15.134012,17,2416.913366
14.634012,17,2417.454391
14.141832,17,2417.963516
15.16179,17,2418.369178
13.801665,17,2418.903948
12.078061,17,2419.408234
12.550283,17,2419.879179
12.661394,17,2420.319654
13.912499,17,2420.875797
14.634012,17,2421.308001
15.134012,17,2421.780267
15.078457,17,2422.294568
14.550679,17,2422.792952
13.718331,17,2423.235389
14.197388,17,2423.661446
14.66179,17,2445.747867
15.134012,17,2446.187812
15.189568,17,2446.63967
14.66179,17,2447.159031
15.16179,17,2447.678266
15.16179,17,2448.10021
15.134012,17,2448.497324
15.189568,17,2448.91697
14.141832,17,2449.318889
14.16961,17,2449.803582
14.66179,17,2450.206626
15.16179,17,2450.654352
14.634012,17,2451.069661
15.134012,17,2451.474057
13.773887,17,2451.905019
14.225165,17,2452.324327
15.106234,17,2452.744449
14.634012,17,2453.172347
15.189568,17,2453.584153
12.161394,17,2454.00053
14.197388,17,2454.425951
14.16961,17,2454.856675
15.189568,17,2455.266662
15.189568,17,2455.696848
13.579443,17,2456.103374
14.66179,17,2456.544078
12.161394,17,2456.958024
15.189568,17,2457.369888
14.634012,17,2457.823274
10.790738,14,2458.215021
15.189568,17,2483.629121
14.606234,17,2484.198846
15.189568,17,2484.653477
15.189568,17,2485.101829
12.189172,17,2485.625897
14.384012,16,2486.152019
15.106234,17,2486.611758
15.16179,17,2487.173362
15.16179,17,2487.660298
14.634012,17,2488.208482
11.911394,17,2488.745095
15.16179,17,2489.241664
13.801665,17,2489.9798
15.134012,17,2490.46247
15.189568,17,2490.965179
15.189568,17,2491.44402
14.634012,17,2491.943666
14.114054,17,2492.419643
15.16179,17,2493.003108
14.280721,17,2493.628466
14.197388,17,2494.125311
14.578457,17,2494.642083
14.634012,17,2495.322448
14.66179,17,2495.751792
9.986397,12,2496.062355
13.85722,17,2496.532998
14.66179,17,2497.08265
9.995482,12,2497.443126
14.634012,17,2497.927905
15.134012,17,2498.320967
15.134012,17,2498.767494
14.634012,17,2522.534369
14.16961,17,2522.990297
14.66179,17,2523.452337
15.16179,17,2523.86564
14.66179,17,2524.301874
14.634012,17,2524.712017
15.16179,17,2525.274498
13.13437,16,2525.723117
10.975352,13,2526.053394
14.578457,17,2526.491565
13.746109,17,2526.934359
13.773887,17,2527.403065
14.66179,17,2527.841374
13.801665,17,2528.286891
14.197388,17,2528.840276
13.437781,16,2529.34163
15.134012,17,2529.860141
15.16179,17,2530.342252
14.16961,17,2530.805189
15.189568,17,2531.328612
14.225165,17,2531.742573
15.189568,17,2532.247658
15.134012,17,2532.690944
11.008086,13,2533.070053
15.217346,17,2533.479145
15.189568,17,2533.966003
14.66179,17,2534.437448
13.092225,16,2534.829075
15.189568,17,2535.271998
15.189568,17,2535.685915
15.189568,17,2536.105488
13.690554,17,2557.097852
13.801665,17,2557.49158
15.16179,17,2557.893873
15.189568,17,2558.301713
15.189568,17,2558.685905
14.225165,17,2559.076369
14.16961,17,2559.463893
12.661394,17,2559.858554
15.16179,17,2560.263385
15.106234,17,2560.673058
15.16179,17,2561.080908
13.801665,17,2561.476975
14.66179,17,2561.866783
15.050679,17,2562.289234
12.550283,17,2562.69418
13.773887,17,2563.085235
14.252943,17,2563.484058
12.133616,17,2563.90899
14.634012,17,2564.308976
15.16179,17,2564.697168
14.578457,17,2565.094711
14.606234,17,2565.528842
15.16179,17,2565.927653
11.552541,16,2566.294231
14.197388,17,2566.691748
15.134012,17,2567.072479
15.16179,17,2567.492163
14.197388,17,2567.86498
12.161394,17,2568.236479
14.66179,17,2568.632428
14.66179,17,2588.757905
14.197388,17,2589.15004
14.578457,17,2589.518733
15.189568,17,2589.916334
14.197388,17,2590.327627
12.133616,17,2590.767896
15.189568,17,2591.342037
10.651849,14,2591.689192
14.16961,17,2592.080622
15.189568,17,2592.529378
14.141832,17,2593.004115
15.189568,17,2593.44463
14.634012,17,2593.829923
14.66179,17,2594.246064
14.364054,17,2594.621667
14.634012,17,2595.004857
14.66179,17,2595.443454
14.634012,17,2595.816485
15.16179,17,2596.200727
14.141832,17,2596.613105
15.189568,17,2596.985351
15.134012,17,2597.356509
13.773887,17,2597.765988
14.606234,17,2598.231009
14.66179,17,2598.722677
14.225165,17,2599.325866
14.197388,17,2599.84474
13.746109,17,2600.379307
15.189568,17,2600.909864
14.634012,17,2601.449029
12.105839,17,2621.253496
15.16179,17,2621.636554
13.85722,17,2622.02141
15.189568,17,2622.475799
14.634012,17,2622.900448
14.606234,17,2623.437778
15.134012,17,2623.843004
14.634012,17,2624.253502
14.634012,17,2624.671587
14.606234,17,2625.066569
15.189568,17,2625.464027
14.225165,17,2625.857183
12.32667,15,2626.201208
12.133616,17,2626.613152
14.66179,17,2626.981134
15.134012,17,2627.378176
15.16179,17,2627.803166
13.801665,17,2628.182637
15.16179,17,2628.579317
14.606234,17,2628.979892
14.66179,17,2629.361816
13.829443,17,2629.776181
13.773887,17,2630.150834
14.356234,17,2630.562838
14.66179,17,2630.962476
13.718599,16,2631.339692
15.134012,17,2631.753697
14.606234,17,2632.181865
15.16179,17,2632.583328
14.772901,17,2632.98756
13.85722,17,2633.37478
12.133616,17,2653.160896
13.718331,17,2653.556013
14.66179,17,2654.053461
12.133616,17,2654.588983
15.16179,17,2655.007794
14.197388,17,2655.395797
13.773887,17,2655.79873
13.690554,17,2656.170027
14.66179,17,2656.542597
14.634012,17,2656.9357
14.197388,17,2657.296755
10.960272,13,2657.601032
15.189568,17,2657.985438
13.974641,17,2658.383262
14.606234,17,2658.778794
14.634012,17,2659.13786
13.801665,17,2659.505868
15.16179,17,2659.897935
15.189568,17,2660.299428
12.689172,17,2660.680643
14.114054,17,2661.090695
15.189568,17,2661.469432
14.66179,17,2661.859143
14.225165,17,2662.233428
13.801665,17,2662.625443
13.746109,17,2663.027422
14.439568,17,2663.403358
15.189568,17,2663.811585
13.690554,17,2664.2063
12.633616,17,2664.596276
14.225165,17,2697.008724
15.189568,17,2697.449138
14.606234,17,2697.908688
14.634012,17,2698.351447
10.960272,13,2698.719165
12.550283,17,2699.165421
14.197388,17,2699.591431
14.197388,17,2700.095351
12.161394,17,2700.552892
14.606234,17,2701.045429
14.197388,17,2701.492072
12.078061,17,2701.939056
14.634012,17,2702.360879
12.633616,17,2702.789376
14.578457,17,2703.270514
15.134012,17,2703.726455
14.16961,17,2704.176929
13.773887,17,2704.576028
14.66179,17,2705.02841
14.16961,17,2705.498061
14.197388,17,2705.942039
14.717346,17,2706.422832
14.634012,17,2706.873881
13.801665,17,2707.370117
14.197388,17,2707.786998
14.66179,17,2708.248685
15.16179,17,2708.683204
15.16179,17,2709.133107
14.225165,17,2709.569419
15.013407,17,2710.024448
12.661394,17,2732.874014
15.189568,17,2733.323344
15.16179,17,2733.770953
14.967346,17,2734.230226
14.66179,17,2734.662198
15.16179,17,2735.097889
14.66179,17,2735.554833
15.189568,17,2735.996979
15.189568,17,2736.4498
14.141832,17,2736.881345
14.197388,17,2737.40848
14.634012,17,2737.860581
13.85722,17,2738.305017
14.197388,17,2738.778198
13.746109,17,2739.230499
13.85722,17,2739.674074
14.197388,17,2740.106776
15.189568,17,2740.546841
13.773887,17,2741.016606
15.189568,17,2741.446358
15.189568,17,2741.915371
13.801665,17,2742.370978
14.66179,17,2742.794899
14.197388,17,2743.264404
13.746109,17,2743.730117
15.16179,17,2744.176803
15.189568,17,2744.629193
13.801665,17,2745.10078
15.189568,17,2745.609067
14.114054,17,2746.113382
14.634012,17,2768.134779
12.161394,17,2768.640236
14.634012,17,2769.091465
12.133616,17,2769.579555
15.16179,17,2770.001959
14.197388,17,2770.428953
12.161394,17,2770.877225
14.967346,17,2771.299721
13.829443,17,2771.757046
13.773887,17,2772.228412
13.773887,17,2772.707888
14.689568,17,2773.163515
14.66179,17,2773.612573
14.197388,17,2774.040711
14.550679,17,2774.476667
15.134012,17,2774.922063
14.66179,17,2775.383109
15.189568,17,2775.904017
14.660168,17,2776.383482
14.634012,17,2776.844877
14.715723,17,2777.299167
15.134012,17,2777.771246
15.16179,17,2778.246248
14.66179,17,2778.685484
14.66179,17,2779.119415
14.225165,17,2779.577651
13.662776,17,2780.0294
13.773887,17,2780.467278
14.66179,17,2780.907913
14.66179,17,2781.351797
14.197388,17,2803.304619
14.66179,17,2803.729997
12.633616,17,2804.179252
14.197388,17,2804.662268
14.197388,17,2805.0883
14.634012,17,2805.622417
14.689568,17,2806.137764
14.66179,17,2806.66545
14.634012,17,2807.126935
13.773887,17,2807.614837
14.634012,17,2808.088844
14.41179,17,2808.547043
12.633616,17,2809.008443
15.134012,17,2809.459976
14.16961,17,2809.953335
14.66179,17,2810.434305
15.134012,17,2810.892349
15.16179,17,2811.327693
14.606234,17,2811.844657
14.225165,17,2812.311007
14.197388,17,2812.738057
14.225165,17,2813.195141
11.063642,13,2813.550189
14.66179,17,2813.98509
14.66179,17,2814.479654
15.16179,17,2814.897969
15.16179,17,2815.35043
14.225165,17,2815.801066
14.606234,17,2816.218934
14.447388,17,2816.715707
13.773887,17,2817.139468
14.66179,17,2839.05535
13.829443,17,2839.510002
12.133616,17,2840.046726
15.189568,17,2840.628445
14.578457,17,2841.113498
13.801665,17,2841.563945
14.225165,17,2842.001636
14.689568,17,2842.459406
14.197388,17,2842.884306
15.189568,17,2843.351669
14.522901,17,2843.77683
12.661394,17,2844.193093
14.225165,17,2844.652807
14.141832,17,2845.125691
13.718331,17,2845.615935
15.189568,17,2846.112767
15.16179,17,2846.589373
13.746109,17,2847.056216
14.606234,17,2847.509935
13.801665,17,2847.99339
14.225165,17,2848.494254
14.141832,17,2848.958652
12.105839,17,2849.384435
14.634012,17,2849.851993
14.634012,17,2850.308545
15.16179,17,2850.786867
13.773887,17,2851.225654
15.189568,17,2851.684687
12.105839,17,2852.146758
15.134012,17,2852.618825
14.634012,17,2874.979169
14.197388,17,2875.408546
14.225165,17,2875.867923
14.16961,17,2876.410454
14.66179,17,2876.894768
14.16961,17,2877.443509
13.773887,17,2877.969596
13.801665,17,2878.421484
14.689568,17,2878.884299
13.884012,16,2879.307894
14.197388,17,2879.768472
15.189568,17,2880.242108
14.197388,17,2880.706384
14.197388,17,2881.163718
15.134012,17,2881.596133
13.801665,17,2882.117316
14.634012,17,2882.636889
14.578457,17,2883.100807
15.16179,17,2883.559941
14.197388,17,2884.0057
14.225165,17,2884.47112
14.717346,17,2884.924888
15.16179,17,2885.352115
13.746109,17,2885.811781
14.634012,17,2886.258224
15.16179,17,2886.7426
14.634012,17,2887.172477
15.16179,17,2887.636627
14.550679,17,2888.086749
14.225165,17,2888.587724
14.66179,17,2910.686876
15.16179,17,2911.136842
13.801665,17,2911.568125
14.41179,16,2911.967096
14.495123,17,2912.446905
12.661394,17,2912.917206
14.66179,17,2913.374278
14.197388,17,2913.825199
14.197388,17,2914.255139
15.189568,17,2914.716863
13.746109,17,2915.193423
15.189568,17,2915.636503
13.801665,17,2916.112818
15.16179,17,2916.53368
14.772901,17,2917.00001
14.66179,17,2917.455952
12.161394,17,2917.909296
14.197388,17,2918.364887
14.197388,17,2918.81764
15.16179,17,2919.279216
13.801665,17,2919.702718
14.225165,17,2920.170594
14.66179,17,2920.607485
13.801665,17,2921.038675
14.634012,17,2921.505091
13.773887,17,2922.035939
14.141832,17,2922.473103
12.133616,17,2922.940678
14.634012,17,2923.457889
14.717346,17,2923.902334
14.225165,17,2947.131428
12.161394,17,2947.561203
15.189568,17,2948.005497
15.16179,17,2948.435537
13.718331,17,2948.878382
12.133616,17,2949.380381
14.634012,17,2949.810669
15.189568,17,2950.293674
13.801665,17,2950.737236
14.106234,17,2951.208136
14.225165,17,2951.634682
14.66179,17,2952.07043
15.106234,17,2952.564286
15.189568,17,2953.025994
15.16179,17,2953.470459
13.939568,16,2953.871209
13.801665,17,2954.318505
14.634012,17,2954.749422
14.66179,17,2955.192095
14.66179,17,2955.638066
13.801665,17,2956.074191
14.197388,17,2956.481597
14.439568,17,2956.995451
15.189568,17,2957.45613
13.773887,17,2957.900833
15.134012,17,2958.360663
13.551665,17,2958.790403
12.605839,17,2959.229423
15.16179,17,2959.645627
14.225165,17,2960.070324
14.634012,17,2983.036471
15.16179,17,2983.503222
15.134012,17,2983.921442
15.16179,17,2984.398632
15.189568,17,2984.890512
14.225165,17,2985.368683
14.197388,17,2985.839791
15.189568,17,2986.336829
14.66179,17,2986.774234
14.634012,17,2987.25089
13.773887,17,2987.715477
14.91179,17,2988.17761
13.773887,17,2988.615739
14.225165,17,2989.082745
14.634012,17,2989.527874
15.16179,17,2989.976022
14.225165,17,2990.4306
14.606234,17,2990.880674
13.773887,17,2991.344075
15.134012,17,2991.775639
12.133616,17,2992.219443
15.189568,17,2992.653765
14.689568,17,2993.088011
15.189568,17,2993.555757
14.16961,17,2994.056834
15.134012,17,2994.593897
14.606234,17,2995.134833
15.189568,17,2995.60685
13.801665,17,2996.046849
14.66179,17,2996.489803
14.225165,17,2996.934373
13.773887,17,3019.732089
15.134012,17,3020.201548
14.197388,17,3020.656162
13.773887,17,3021.086611
14.197388,17,3021.593709
14.66179,17,3022.047072
14.634012,17,3022.56119
14.634012,17,3023.016797
14.634012,17,3023.472886
14.308499,17,3023.940372
14.550679,17,3024.396735
13.801665,17,3024.861663
14.225165,17,3025.300596
15.189568,17,3025.748896
13.773887,17,3026.171995
13.801665,17,3026.637171
14.634012,17,3027.093874
13.773887,17,3027.520454
13.801665,17,3027.962176
14.66179,17,3028.407213
12.050283,17,3028.850375
14.66179,17,3029.30463
14.66179,17,3029.761333
14.197388,17,3030.198835
14.634012,17,3030.698522
14.197388,17,3031.1698
14.66179,17,3031.646959
15.16179,17,3032.112513
13.773887,17,3032.566809
15.16179,17,3033.006893
14.606234,17,3055.759458
14.225165,17,3056.224715
14.606234,17,3056.699893
14.634012,17,3057.170752
14.66179,17,3057.640397
13.801665,17,3058.129316
15.134012,17,3058.710537
15.134012,17,3059.244288
15.189568,17,3059.696429
13.549718,17,3060.132973
12.661394,17,3060.577045
14.66179,17,3061.036237
14.634012,17,3061.480256
10.960272,13,3061.805277
13.801665,17,3062.239046
14.66179,17,3062.713245
14.225165,17,3063.179689
15.134012,17,3063.681706
14.66179,17,3064.175681
14.225165,17,3064.657674
14.634012,17,3065.103594
14.606234,17,3065.567772
15.134012,17,3066.059205
14.606234,17,3066.543209
11.801037,14,3066.973307
14.225165,17,3067.438764
13.746109,17,3067.90615
14.606234,17,3068.352576
14.606234,17,3068.820394
14.197388,17,3069.272007
14.634012,17,3091.73483
13.773887,17,3092.194422
12.161394,17,3092.658914
14.634012,17,3093.13724
14.225165,17,3093.581162
15.16179,17,3094.122466
14.225165,17,3094.605829
14.16961,17,3095.159057
13.829443,17,3095.662259
14.225165,17,3096.118534
14.634012,17,3096.558942
14.197388,17,3097.011829
14.141832,17,3097.452225
14.634012,17,3097.900513
14.197388,17,3098.371845
14.66179,17,3098.812508
14.225165,17,3099.299555
15.189568,17,3099.762976
14.66179,17,3100.229434
14.634012,17,3100.690688
15.189568,17,3101.138344
13.773887,17,3101.621057
14.578457,17,3102.10145
14.634012,17,3102.555315
14.225165,17,3103.001505
14.16961,17,3103.455231
14.66179,17,3103.940403
14.252943,17,3104.39781
14.634012,17,3104.874027
11.036909,13,3105.212727
15.134012,17,3105.709564
14.197388,17,3128.987328
15.189568,17,3129.448095
14.197388,17,3129.899102
14.225165,17,3130.373486
14.197388,17,3130.870492
14.141832,17,3131.339198
15.134012,17,3131.86357
13.579443,17,3132.280017
14.225165,17,3132.812299
13.801665,17,3133.290216
14.66179,17,3133.775418
13.746109,17,3134.221901
15.078457,17,3134.724676
14.578457,17,3135.217816
14.634012,17,3135.684469
14.995123,17,3136.160151
14.578457,17,3136.592055
14.66179,17,3137.054691
14.197388,17,3137.496767
14.225165,17,3137.957469
14.252943,17,3138.443727
14.197388,17,3138.89653
15.16179,17,3139.374988
14.689568,17,3139.820769
12.133616,17,3140.278944
14.634012,17,3140.752417
14.141832,17,3141.180778
14.634012,17,3141.626594
15.134012,17,3142.081722
14.66179,17,3142.521603
14.634012,17,3165.270094
14.66179,17,3165.706957
14.66179,17,3166.162638
14.550679,17,3166.672836
14.225165,17,3167.142218
15.134012,17,3167.675993
14.66179,17,3168.11684
14.197388,17,3168.603433
14.66179,17,3169.048764
14.225165,17,3169.486673
14.634012,17,3169.992723
14.606234,17,3170.441272
14.16961,17,3170.906654
14.66179,17,3171.354856
14.225165,17,3171.82151
14.66179,17,3172.27406
14.66179,17,3172.741089
14.66179,17,3173.236576
15.189568,17,3173.662042
13.829443,17,3174.116603
12.161394,17,3174.537222
14.197388,17,3175.015688
14.16961,17,3175.46174
14.225165,17,3175.910318
13.801665,17,3176.374082
14.16961,17,3176.818592
11.925798,14,3177.205271
14.66179,17,3177.634305
14.634012,17,3178.080457
14.086277,17,3178.519398
15.16179,17,3201.040911
14.634012,17,3201.55254
12.133616,17,3202.020809
14.66179,17,3202.582604
14.66179,17,3203.126053
15.16179,17,3203.547859
13.801665,17,3204.032005
13.829443,17,3204.497777
14.225165,17,3204.962818
14.225165,17,3205.404131
13.773887,17,3205.850753
15.189568,17,3206.343409
13.801665,17,3206.798447
14.197388,17,3207.334639
14.634012,17,3207.756959
15.134012,17,3208.233137
14.66179,17,3208.667875
14.66179,17,3209.11231
14.634012,17,3209.561491
13.801665,17,3209.993498
14.66179,17,3210.451294
14.225165,17,3210.888416
14.634012,17,3211.367489
14.225165,17,3211.802884
14.66179,17,3212.258657
14.634012,17,3212.696619
14.66179,17,3213.184402
14.225165,17,3213.62306
14.66179,17,3214.059297
13.718331,17,3214.481381
14.634012,17,3236.714393
14.66179,17,3237.162965
13.801665,17,3237.669432
14.606234,17,3238.20107
15.189568,17,3238.821314
14.225165,17,3239.283691
15.189568,17,3239.738844
11.548892,14,3240.125599
14.530721,17,3240.590675
14.606234,17,3241.063173
12.161394,17,3241.524086
14.197388,17,3241.977875
15.16179,17,3242.416501
15.134012,17,3242.916002
14.634012,17,3243.424923
13.773887,17,3243.83257
14.66179,17,3244.3206
15.16179,17,3244.811543
15.245123,17,3245.271789
14.66179,17,3245.704444
13.801665,17,3246.152055
13.773887,17,3246.589899
12.105839,17,3247.041923
12.133616,17,3247.524462
14.66179,17,3247.940043
15.134012,17,3248.388035
14.197388,17,3248.818818
14.634012,17,3249.276131
13.773887,17,3249.682357
14.689568,17,3250.124793
15.189568,17,3271.985894
14.606234,17,3272.404298
14.66179,17,3272.854434
14.634012,17,3273.310938
14.66179,17,3273.783304
14.606234,17,3274.273129
14.225165,17,3274.750536
13.85722,17,3275.214605
15.134012,17,3275.673365
12.133616,17,3276.108657
13.773887,17,3276.565174
14.634012,17,3276.978976
14.606234,17,3277.42819
15.189568,17,3277.86432
15.189568,17,3278.310589
15.189568,17,3278.765387
15.189568,17,3279.185107
13.773887,17,3279.632947
15.078457,17,3280.064318
14.225165,17,3280.51042
14.66179,17,3280.966809
14.66179,17,3281.489116
13.801665,17,3281.936766
13.801665,17,3282.437793
13.773887,17,3282.900685
12.078061,17,3283.422378
14.66179,17,3283.959497
14.66179,17,3284.445756
14.16961,17,3284.892985
13.773887,17,3285.373459
13.746109,17,3285.816466
14.197388,17,3317.197645
15.134012,17,3317.717829
14.606234,17,3318.148092
14.66179,17,3318.616935
15.189568,17,3319.07039
14.197388,17,3319.563196
14.197388,17,3319.995797
14.634012,17,3320.437767
14.634012,17,3320.906406
13.801665,17,3321.331645
14.634012,17,3321.792536
13.773887,17,3322.234825
14.197388,17,3322.707272
15.134012,17,3323.15857
14.606234,17,3323.630327
12.189172,17,3324.097049
15.189568,17,3324.568799
15.189568,17,3325.050264
14.634012,17,3325.514691
14.634012,17,3325.97555
15.189568,17,3326.49263
10.981354,13,3326.829559
14.225165,17,3327.352542
13.801665,17,3327.839233
13.801665,17,3328.304275
14.66179,17,3328.78164
13.634998,17,3329.240412
13.773887,17,3329.694501
14.225165,17,3330.109088
15.189568,17,3330.58263
14.197388,17,3352.618329
14.606234,17,3353.099368
13.718331,17,3353.552651
14.652296,17,3354.032821
15.189568,17,3354.469501
14.66179,17,3354.910899
14.634012,17,3355.362496
14.66179,17,3355.834537
14.606234,17,3356.366087
14.634012,17,3356.79672
13.773887,17,3357.266139
14.66179,17,3357.692214
13.801665,17,3358.141601
14.66179,17,3358.587004
13.773887,17,3359.043051
15.16179,17,3359.484261
14.058499,17,3359.962166
14.634012,17,3360.405084
9.058999,11,3360.705333
12.161394,17,3361.146502
13.773887,17,3361.589002
14.634012,17,3362.064325
14.16961,17,3362.488585
10.189568,12,3362.83239
14.634012,17,3363.281086
12.105839,17,3363.729499
14.225165,17,3364.193932
14.606234,17,3364.623187
14.550679,17,3365.102544
14.225165,17,3365.50766
14.634012,17,3365.976061
15.16179,17,3388.358254
13.746109,17,3388.831575
14.66179,17,3389.271118
14.225165,17,3389.693557
14.197388,17,3390.192705
14.197388,17,3390.641301
14.606234,17,3391.206732
13.718331,17,3391.741281
14.634012,17,3392.227696
14.66179,17,3392.650412
13.801665,17,3393.114183
15.16179,17,3393.581064
15.189568,17,3394.046843
14.634012,17,3394.503668
14.058499,17,3394.936871
12.578061,17,3395.377298
14.66179,17,3395.772291
13.773887,17,3396.226782
14.578457,17,3396.678411
10.975666,13,3397.031955
14.634012,17,3397.476411
14.225165,17,3397.924143
13.773887,17,3398.329576
15.16179,17,3398.805206
14.634012,17,3399.257607
14.66179,17,3399.706653
14.66179,17,3400.157771
14.225165,17,3400.605499
13.801665,17,3401.139542
13.773887,17,3401.578093
15.189568,17,3423.267758
13.801665,17,3423.692625
15.134012,17,3424.172335
14.197388,17,3424.614985
15.16179,17,3425.096458
14.634012,17,3425.521527
15.134012,17,3425.963945
13.801665,17,3426.438247
14.634012,17,3426.859057
14.689568,17,3427.310471
13.773887,17,3427.739547
13.773887,17,3428.16399
13.746109,17,3428.59502
15.189568,17,3429.016934
13.773887,17,3429.466451
15.16179,17,3429.961616
13.662776,17,3430.44057
13.773887,17,3430.89295
14.66179,17,3431.384834
15.16179,17,3431.926481
14.66179,17,3432.389042
15.16179,17,3432.819828
14.225165,17,3433.257907
15.180074,17,3433.690316
14.634012,17,3434.154391
14.16961,17,3434.569861
14.66179,17,3435.032494
13.801665,17,3435.496261
14.225165,17,3435.948957
15.16179,17,3436.400644
14.66179,17,3458.683333
14.114054,17,3459.169396
15.134012,17,3459.637893
14.225165,17,3460.07725
14.66179,17,3460.532486
13.773887,17,3460.974739
14.66179,17,3461.431034
14.16961,17,3461.917116
14.606234,17,3462.352751
13.773887,17,3462.803562
14.634012,17,3463.326439
14.225165,17,3463.771418
14.141832,17,3464.2267
14.225165,17,3464.677941
14.522901,17,3465.120531
14.197388,17,3465.575401
15.16179,17,3466.005641
15.134012,17,3466.46294
14.66179,17,3466.903675
14.634012,17,3467.32653
15.16179,17,3467.750755
14.578457,17,3468.166892
15.189568,17,3468.667844
13.801665,17,3469.076476
14.634012,17,3469.546891
14.634012,17,3469.986653
14.16961,17,3470.4468
15.189568,17,3470.908439
14.66179,17,3471.369192
14.225165,17,3471.82883
15.16179,17,3494.244321
15.189568,17,3494.723914
15.16179,17,3495.160252
14.634012,17,3495.653033
15.134012,17,3496.107362
11.400863,14,3496.507604
14.66179,17,3496.999784
15.16179,17,3497.448321
14.66179,17,3497.897734
13.801665,17,3498.315785
13.690554,17,3498.763364
14.197388,17,3499.180363
14.606234,17,3499.658353
11.548892,14,3500.03562
12.438704,15,3500.463908
14.197388,17,3500.916003
14.634012,17,3501.366556
12.105839,17,3501.845012
14.16961,17,3502.292282
13.690554,17,3502.732703
13.801665,17,3503.208188
12.105839,17,3503.675226
15.189568,17,3504.138137
13.718331,17,3504.581199
15.16179,17,3505.014552
15.189568,17,3505.507899
14.16961,17,3505.978298
13.792171,17,3506.45914
14.66179,17,3506.938724
14.66179,17,3507.404871
14.634012,17,3507.827659
14.522901,17,3530.346165
14.197388,17,3530.80821
14.66179,17,3531.285238
13.85722,17,3531.742183
12.105839,17,3532.199296
15.16179,17,3532.646487
14.634012,17,3533.070513
14.66179,17,3533.52089
14.197388,17,3533.934563
14.225165,17,3534.390769
14.16961,17,3534.828478
15.134012,17,3535.278041
14.225165,17,3535.729471
12.105839,17,3536.142461
14.66179,17,3536.62399
15.16179,17,3537.034096
14.197388,17,3537.483441
14.606234,17,3537.927492
14.634012,17,3538.385155
15.189568,17,3538.827279
14.634012,17,3539.233485
13.773887,17,3539.683007
15.134012,17,3540.115964
15.189568,17,3540.561804
14.66179,17,3541.047192
14.225165,17,3541.481851
14.66179,17,3541.944703
13.718331,17,3542.364896
15.16179,17,3542.816032
13.82782,17,3543.233449
15.106234,17,3565.298371
14.634012,17,3565.734742
13.801665,17,3566.241548
14.606234,17,3566.708335
15.16179,17,3567.213798
13.801665,17,3567.815142
14.634012,17,3568.237899
14.225165,17,3568.692075
14.66179,17,3569.12607
15.189568,17,3569.567846
14.550679,17,3570.002529
13.801665,17,3570.451552
14.197388,17,3570.916488
14.634012,17,3571.362734
14.634012,17,3571.85109
14.16961,17,3572.304383
13.634998,17,3572.71786
14.141832,17,3573.222301
14.606234,17,3573.66536
14.225165,17,3574.141828
14.16961,17,3574.581153
13.801665,17,3575.080954
14.197388,17,3575.57645
14.197388,17,3576.023559
13.773887,17,3576.455358
14.197388,17,3576.940313
12.161394,17,3577.451856
15.134012,17,3578.001607
14.634012,17,3578.541487
14.225165,17,3578.971185
14.634012,17,3601.815953
15.106234,17,3602.373812
12.050283,17,3602.93343
15.134012,17,3603.410721
13.801665,17,3603.870761
15.189568,17,3604.360523
14.634012,17,3604.792112
13.773887,17,3605.198524
14.66179,17,3605.639829
13.773887,17,3606.117836
11.282207,15,3606.536166
14.225165,17,3606.984138
15.16179,17,3607.409086
12.219726,17,3607.946733
13.773887,17,3608.405003
11.96695,17,3608.894734
14.66179,17,3609.349445
14.66179,17,3609.786724
15.189568,17,3610.246133
15.16179,17,3610.703421
14.197388,17,3611.139712
15.189568,17,3611.58636
14.16961,17,3612.048319
14.634012,17,3612.477393
15.189568,17,3612.919764
14.606234,17,3613.367168
14.141832,17,3613.817504
14.634012,17,3614.288402
15.189568,17,3614.813166
15.16179,17,3615.298645
14.66179,17,3637.782388
15.16179,17,3638.27501
15.189568,17,3638.725851
15.189568,17,3639.206631
14.606234,17,3639.679515
13.801665,17,3640.141931
14.578457,17,3640.584286
14.66179,17,3641.018045
12.022505,17,3641.501299
14.114054,17,3641.963214
13.773887,17,3642.435374
14.707852,17,3642.934051
14.66179,17,3643.406067
14.141832,17,3643.875609
14.467346,17,3644.320059
13.773887,17,3644.753204
15.189568,17,3645.22633
13.801665,17,3645.667433
12.161394,17,3646.102245
14.197388,17,3646.540365
14.197388,17,3646.987416
14.66179,17,3647.439234
15.106234,17,3647.889908
14.197388,17,3648.376387
13.801665,17,3648.852491
14.578457,17,3649.314379
13.746109,17,3649.770127
13.746109,17,3650.22252
12.078061,17,3650.663623
14.66179,17,3651.212836
14.550679,17,3673.921893
12.161394,17,3674.388202
13.773887,17,3674.838687
15.078457,17,3675.294737
14.66179,17,3675.748088
13.746109,17,3676.258461
14.66179,17,3676.771365
13.718331,17,3677.263058
15.134012,17,3677.685018
14.197388,17,3678.114186
13.773887,17,3678.593229
14.197388,17,3679.062748
13.092225,16,3679.479101
14.66179,17,3679.934398
14.717346,17,3680.4433
14.634012,17,3680.885041
15.16179,17,3681.329751
14.634012,17,3681.783074
13.773887,17,3682.282916
15.134012,17,3682.740939
14.66179,17,3683.175294
15.106234,17,3683.663119
14.197388,17,3684.117996
14.634012,17,3684.609093
15.189568,17,3685.048694
13.801665,17,3685.494459
14.66179,17,3685.938486
12.022505,17,3686.363878
14.66179,17,3686.825222
14.606234,17,3687.276324
14.606234,17,3687.736894
14.225165,17,3710.167578
14.225165,17,3710.628371
15.189568,17,3711.076554
14.717346,17,3711.545418
12.133616,17,3712.00064
14.16961,17,3712.494631
13.718331,17,3712.947166
15.16179,17,3713.405323
15.106234,17,3713.857662
15.189568,17,3714.309888
14.634012,17,3714.767504
14.141832,17,3715.245055
14.225165,17,3715.703537
14.634012,17,3716.148046
12.050283,17,3716.582049
14.66179,17,3717.037765
13.801665,17,3717.473644
15.16179,17,3717.942884
12.050283,17,3718.374432
14.606234,17,3718.851118
15.16179,17,3719.306219
14.66179,17,3719.763216
13.718331,17,3720.204795
14.225165,17,3720.654054
15.16179,17,3721.179518
14.745123,17,3721.639029
14.66179,17,3722.088806
15.134012,17,3722.550177
14.66179,17,3722.994033
12.022505,17,3723.44595
14.114054,17,3746.680307
14.225165,17,3747.173432
13.217704,16,3747.608427
14.634012,17,3748.117475
14.16961,17,3748.561777
14.197388,17,3749.034197
14.467346,17,3749.502618
14.578457,17,3749.973961
14.66179,17,3750.441035
14.66179,17,3750.901443
15.189568,17,3751.388249
15.189568,17,3751.845018
14.197388,17,3752.299711
14.66179,17,3752.797194
14.225165,17,3753.271945
14.66179,17,3753.722073
14.141832,17,3754.160797
14.197388,17,3754.638829
15.189568,17,3755.111662
14.66179,17,3755.547243
15.134012,17,3756.024127
14.634012,17,3756.46235
15.134012,17,3756.897021
15.16179,17,3757.351785
14.197388,17,3757.809669
14.550679,17,3758.271622
15.189568,17,3758.717014
14.606234,17,3759.204952
13.746109,17,3759.655784
13.634998,17,3760.197467
13.801665,17,3782.548979
15.16179,17,3783.062071
15.134012,17,3783.514936
14.66179,17,3783.998457
14.634012,17,3784.576968
14.225165,17,3785.092564
15.16179,17,3785.542236
14.66179,17,3786.007392
14.66179,17,3786.46708
14.447888,17,3786.929715
13.801665,17,3787.426262
15.189568,17,3787.851365
14.522901,17,3788.32333
15.16179,17,3788.753905
14.66179,17,3789.239922
14.225165,17,3789.703999
14.634012,17,3790.179218
14.16961,17,3790.625341
14.225165,17,3791.090541
14.225165,17,3791.538978
14.114054,17,3791.978227
13.801665,17,3792.461752
14.66179,17,3792.925949
15.189568,17,3793.392206
14.634012,17,3793.831718
15.16179,17,3794.328202
14.578457,17,3794.807383
14.197388,17,3795.303293
13.801665,17,3795.752188
15.134012,17,3796.217821
14.225165,17,3818.63454
14.197388,17,3819.075011
14.225165,17,3819.557357
13.773887,17,3820.093209
14.634012,17,3820.564206
15.16179,17,3821.019414
14.634012,17,3821.49394
15.189568,17,3821.924587
15.134012,17,3822.433211
15.189568,17,3822.911751
15.134012,17,3823.406073
13.85722,17,3823.847578
13.773887,17,3824.306658
14.225165,17,3824.790676
14.197388,17,3825.254528
12.133616,17,3825.707708
14.66179,17,3826.205817
14.634012,17,3826.662101
14.634012,17,3827.163409
15.134012,17,3827.60562
14.225165,17,3828.085228
13.829443,17,3828.533203
14.66179,17,3829.012249
14.606234,17,3829.47221
14.66179,17,3829.905009
14.634012,17,3830.396725
14.197388,17,3830.856138
15.245123,17,3831.309228
15.16179,17,3831.762728
14.606234,17,3832.238949
14.634012,17,3854.999858
14.197388,17,3855.448452
14.606234,17,3855.882852
13.746109,17,3856.346371
14.606234,17,3856.801839
14.16961,17,3857.278075
12.133616,17,3857.769618
14.66179,17,3858.238412
14.66179,17,3858.698369
12.050283,17,3859.162562
15.189568,17,3859.644019
14.634012,17,3860.090435
15.134012,17,3860.555249
15.189568,17,3860.992511
10.039752,12,3861.356907
15.16179,17,3861.795089
15.245123,17,3862.281435
14.66179,17,3862.719859
14.634012,17,3863.16533
15.16179,17,3863.655449
14.606234,17,3864.147008
14.66179,17,3864.656593
15.16179,17,3865.153995
14.634012,17,3865.594626
15.134012,17,3866.062203
13.718331,17,3866.504956
14.225165,17,3866.979097
14.225165,17,3867.448865
14.16961,17,3867.92267
15.134012,17,3868.371837
14.939568,17,3868.830915
14.197388,17,3891.686704
13.801665,17,3892.138507
14.634012,17,3892.589506
15.189568,17,3893.210199
14.197388,17,3893.786511
14.634012,17,3894.368011
14.16961,17,3895.107794
13.690554,17,3895.852653
13.801665,17,3896.907982
14.197388,17,3898.67194
12.161394,17,3900.442895
14.634012,17,3902.050921
13.773887,17,3903.531611
15.189568,17,3904.419937
14.225165,17,3905.21672
14.225165,17,3905.918477
14.66179,17,3906.528953
14.66179,17,3907.110731
13.773887,17,3907.703667
14.634012,17,3908.333824
15.189568,17,3908.975038
14.66179,17,3909.559983
13.746109,17,3910.17766
14.16961,17,3910.75893
15.16179,17,3911.348837
13.718331,17,3911.94116
14.66179,17,3912.511327
14.225165,17,3912.952837
14.634012,17,3913.421094
14.66179,17,3913.866404
14.66179,17,3936.136411
13.829443,17,3936.550573
14.66179,17,3937.030582
15.16179,17,3937.537304
14.66179,17,3938.029961
14.225165,17,3938.587535
15.189568,17,3939.088346
13.801665,17,3939.556485
13.801665,17,3940.101447
12.078061,17,3940.595165
15.16179,17,3941.026594
14.578457,17,3941.46871
14.197388,17,3941.943554
13.746109,17,3942.427809
14.66179,17,3942.886854
14.225165,17,3943.303986
15.16179,17,3943.782609
14.66179,17,3944.228457
13.773887,17,3944.678486
15.189568,17,3945.14029
14.197388,17,3945.565228
14.197388,17,3946.015868
12.133616,17,3946.458062
13.801665,17,3946.935026
14.66179,17,3947.373547
14.634012,17,3947.831328
14.16961,17,3948.278377
12.133616,17,3948.706767
14.634012,17,3949.151369
14.66179,17,3949.568753
14.197388,17,3972.195385
12.410003,15,3972.606989
13.773887,17,3973.051345
14.225165,17,3973.475226
15.134012,17,3974.037315
14.197388,17,3974.461696
14.197388,17,3974.9349
14.197388,17,3975.36059
14.66179,17,3975.809605
15.189568,17,3976.274375
14.114054,17,3976.72383
15.189568,17,3977.181366
15.16179,17,3977.615426
15.16179,17,3978.046974
14.197388,17,3978.485725
13.836777,17,3978.910916
14.225165,17,3979.361758
14.41961,17,3979.801824
15.189568,17,3980.28434
14.225165,17,3980.720691
15.16179,17,3981.189672
14.225165,17,3981.635318
14.634012,17,3982.080344
13.801665,17,3982.500955
14.634012,17,3982.931355
14.66179,17,3983.360747
14.225165,17,3983.781257
14.197388,17,3984.23588
15.134012,17,3984.703542
13.801665,17,3985.163737
13.690554,17,4007.165883
13.801665,17,4007.617527
15.189568,17,4008.049129
15.134012,17,4008.49696
13.746109,17,4008.982033
14.225165,17,4009.483832
14.66179,17,4009.922486
14.225165,17,4010.362762
14.013622,17,4010.857122
13.773887,17,4011.293616
12.161394,17,4011.7292
14.197388,17,4012.179406
14.606234,17,4012.595766
14.856234,17,4013.03541
13.773887,17,4013.478412
15.134012,17,4013.911554
14.66179,17,4014.355449
14.197388,17,4014.811127
15.134012,17,4015.281315
14.66179,17,4015.745718
13.801665,17,4016.222651
13.718331,17,4016.647722
15.189568,17,4017.103473
14.197388,17,4017.564399
12.078061,17,4018.011717
15.16179,17,4018.504206
12.744727,17,4018.978913
14.225165,17,4019.418775
12.105839,17,4019.878232
14.16961,17,4020.333329
14.66179,17,4042.502955
14.66179,17,4043.003051
14.689568,17,4043.434914
14.141832,17,4043.881893
15.189568,17,4044.312466
14.689568,17,4044.778853
14.197388,17,4045.226324
15.16179,17,4045.651536
15.16179,17,4046.098587
12.531221,15,4046.509326
15.189568,17,4046.93689
15.245123,17,4047.415362
14.197388,17,4047.834706
13.773887,17,4048.298008
15.16179,17,4048.758948
15.134012,17,4049.190322
14.197388,17,4049.655374
15.134012,17,4050.081017
14.634012,17,4050.558374
14.225165,17,4050.989284
15.16179,17,4051.443026
12.133616,17,4051.884391
15.189568,17,4052.335728
14.197388,17,4052.781126
14.197388,17,4053.217419
13.773887,17,4053.734792
14.66179,17,4054.185802
14.717346,17,4054.634339
14.66179,17,4055.094514
14.66179,17,4055.521071
14.197388,17,4078.205715
14.225165,17,4078.664065
15.245123,17,4079.132316
14.66179,17,4079.592204
14.66179,17,4080.004901
14.197388,17,4080.553771
14.197388,17,4081.155344
13.975165,17,4081.611942
13.746109,17,4082.047212
12.272505,17,4082.489138
13.773887,17,4082.945247
13.85722,17,4083.406995
14.66179,17,4083.891923
12.441531,15,4084.281073
13.773887,17,4084.723064
14.66179,17,4085.17779
13.773887,17,4085.616685
13.773887,17,4086.054762
13.746109,17,4086.521259
13.801665,17,4086.956942
14.197388,17,4087.384989
13.856234,16,4087.775305
14.225165,17,4088.205137
14.66179,17,4088.637789
14.225165,17,4089.087712
14.225165,17,4089.555986
12.133616,17,4090.007929
14.197388,17,4090.463567
14.66179,17,4090.926582
15.16179,17,4091.459078
14.634012,17,4091.910422
13.801665,17,4113.793469
14.634012,17,4114.232781
15.16179,17,4114.681369
15.189568,17,4115.137064
14.634012,17,4115.726064
15.16179,17,4116.22566
14.606234,17,4116.687195
14.66179,17,4117.131219
14.66179,17,4117.590681
14.16961,17,4118.014393
14.66179,17,4118.453595
15.16179,17,4118.948626
14.66179,17,4119.400502
15.189568,17,4119.86306
14.66179,17,4120.289357
15.189568,17,4120.758787
14.66179,17,4121.206566
14.634012,17,4121.648801
15.134012,17,4122.107572
13.801665,17,4122.537936
14.197388,17,4123.005843
14.225165,17,4123.447987
14.197388,17,4123.913095
14.66179,17,4124.350976
14.197388,17,4124.809323
13.801665,17,4125.260607
14.66179,17,4125.689003
13.773887,17,4126.117673
14.225165,17,4126.547266
13.829443,17,4126.997638
13.746109,17,4148.94032
14.502943,17,4149.379696
14.634012,17,4149.865579
12.050283,17,4150.334913
14.225165,17,4150.887408
15.106234,17,4151.35194
14.16961,17,4151.849382
14.634012,17,4152.302438
13.801665,17,4152.774266
14.66179,17,4153.216138
14.634012,17,4153.646343
15.134012,17,4154.142147
14.225165,17,4154.639314
14.550679,17,4155.119315
13.801665,17,4155.583078
15.189568,17,4156.148979
15.189568,17,4156.603401
14.66179,17,4157.100782
12.133616,17,4157.557165
14.634012,17,4158.007852
13.773887,17,4158.467461
14.225165,17,4158.957406
14.66179,17,4159.425345
14.634012,17,4159.899889
14.634012,17,4160.363098
14.66179,17,4160.842533
13.801665,17,4161.323435
14.225165,17,4161.811341
14.606234,17,4162.264617
14.634012,17,4162.754856
14.66179,17,4185.038498
12.161394,17,4185.516567
12.161394,17,4185.964375
14.197388,17,4186.408121
14.634012,17,4186.889991
14.66179,17,4187.361422
14.634012,17,4187.864899
15.16179,17,4188.353045
14.66179,17,4188.920885
13.801665,17,4189.419276
14.66179,17,4189.973978
14.225165,17,4190.460938
12.078061,17,4190.930191
15.134012,17,4191.432201
14.225165,17,4191.924388
14.634012,17,4192.358862
15.134012,17,4192.806138
15.189568,17,4193.25414
15.189568,17,4193.695371
14.197388,17,4194.162215
15.189568,17,4194.652666
14.225165,17,4195.121689
13.773887,17,4195.603036
14.197388,17,4196.066677
14.197388,17,4196.539152
14.66179,17,4196.984714
14.634012,17,4197.434642
14.634012,17,4197.908008
14.634012,17,4198.374433
14.634012,17,4198.809084
15.16179,17,4220.840936
14.634012,17,4221.312343
14.66179,17,4221.760599
14.66179,17,4222.229363
14.225165,17,4222.650782
14.197388,17,4223.069145
14.66179,17,4223.514774
15.16179,17,4223.925141
14.197388,17,4224.369961
13.801665,17,4224.820181
14.66179,17,4225.329549
14.634012,17,4225.790212
14.141832,17,4226.245639
13.773887,17,4226.736858
14.66179,17,4227.233523
14.634012,17,4227.680479
14.66179,17,4228.153277
14.578457,17,4228.627732
14.16961,17,4229.061562
14.634012,17,4229.519513
12.161394,17,4229.955716
14.66179,17,4230.403901
13.801665,17,4230.852759
15.16179,17,4231.302139
14.197388,17,4231.747571
15.189568,17,4232.277063
14.66179,17,4232.730814
14.606234,17,4233.198588
15.189568,17,4233.624446
14.634012,17,4234.052908
