#{"t_start": 1764475657.2708418, "env_id": "merge-v0"}
r,l,t
4.280723,5,3.920081
3.394444,4,4.072121
10.686374,14,4.604478
5.163876,6,4.825385
6.868926,8,5.138304
10.444962,12,5.491113
3.177876,4,5.661972
6.639731,8,5.950185
9.168598,11,6.378897
4.164782,5,6.572236
6.300314,8,6.871983
7.100821,9,7.242644
7.24707,9,7.576951
6.74492,8,7.863593
6.097573,7,8.156829
4.915644,6,8.431659
6.918,9,8.807749
8.775559,11,9.290508
10.372886,12,9.810696
11.400716,13,10.386211
4.05261,5,10.616081
7.639521,9,10.997441
6.832807,8,11.435972
4.956925,6,11.809809
13.455903,15,12.702043
6.847177,8,13.067227
3.29879,4,13.232834
4.069963,5,13.417293
4.791435,6,13.62771
10.955963,14,14.240708
7.885744,9,23.644316
6.791635,8,23.96601
7.577435,9,24.309366
13.633735,15,24.961196
4.15448,5,25.171124
10.188422,12,25.655942
4.874876,6,25.865869
4.036436,5,26.102865
9.31981,11,26.608211
5.179147,6,26.825877
8.650804,10,27.23766
4.944769,6,27.497593
13.705905,15,28.103637
5.111216,6,28.354289
7.596527,9,28.758829
9.790338,11,29.213561
5.717344,7,29.492641
6.005177,7,29.787126
6.78867,8,30.073765
4.041197,5,30.316419
13.95747,15,31.152108
12.13859,16,31.98703
6.504835,8,32.392839
4.166538,5,32.631595
12.108534,14,33.331543
4.132123,5,33.569352
10.232702,12,35.398092
7.549218,9,36.073576
14.828457,17,46.618276
5.316765,6,46.92419
13.189234,15,47.453969
11.926647,15,48.085659
11.056183,15,48.600074
5.097945,6,48.839251
3.288894,4,49.006731
4.207037,5,49.191448
6.955337,8,49.513643
12.41272,15,50.130663
7.780123,10,50.500688
4.004812,5,50.741883
3.354346,4,50.896377
4.086276,5,51.089227
7.259292,9,51.440148
13.606233,16,52.09931
11.06112,13,52.638698
5.04992,6,52.893929
12.028397,14,53.520984
3.95646,5,53.822114
12.939568,15,54.566058
7.430093,9,55.010114
6.88435,8,55.30185
13.197388,16,57.021224
6.716144,8,57.301594
3.333333,4,57.461078
4.123704,5,57.679834
7.722854,9,66.587759
9.235396,11,67.048794
4.680312,6,67.2699
9.10669,11,67.735083
5.714321,7,68.016727
7.405051,9,68.366691
11.906543,16,69.056237
12.715327,17,69.767752
6.877638,8,70.061159
9.304109,11,70.534356
9.039659,11,71.077548
13.344839,15,71.677978
6.896285,8,72.113967
12.328818,15,72.686681
4.094542,5,72.890329
9.698126,14,73.490149
11.375221,14,74.117067
9.113402,11,74.544521
8.418576,10,74.975903
10.356613,12,75.518908
7.398134,9,75.901093
10.735845,13,76.407037
13.300669,15,76.962765
11.08765,14,85.425059
8.578254,10,85.835415
7.038017,9,86.282786
8.991696,12,86.745206
8.827942,11,87.206276
11.793048,16,87.831104
12.333677,14,88.510077
11.860805,16,90.198417
14.263407,16,90.859756
12.607165,15,91.426942
8.202349,10,91.920389
3.927876,5,92.26855
10.685002,15,93.011313
4.981338,6,93.240898
6.995604,8,93.572897
12.689172,17,94.224579
10.728848,13,94.734118
6.305483,8,95.030234
3.951162,5,95.242983
6.642618,8,95.574835
5.62708,7,95.823343
3.366667,4,96.003166
7.167664,9,96.445286
6.83505,8,96.783697
12.73562,14,105.529078
12.052493,16,106.15134
5.179422,6,106.388627
11.253323,14,107.147976
5.806983,7,107.423705
12.421076,15,108.051355
11.405662,15,108.617711
13.250344,15,109.190299
13.078457,15,109.845844
9.586777,12,110.288384
10.71869,14,110.869228
8.309002,10,111.261023
8.2162,10,111.704375
6.339579,8,112.042276
4.972662,6,112.280739
5.137009,6,112.520008
9.516886,12,112.99405
8.661921,10,113.396462
3.398383,4,113.532808
13.634012,16,114.153756
10.319132,12,114.697223
11.188384,13,115.254856
4.870195,6,115.472908
7.504241,9,125.109738
12.300283,17,125.753922
7.012495,9,126.122056
4.931395,6,126.342957
11.490903,15,126.902451
11.999703,16,127.548708
13.888956,16,128.218869
11.037602,14,128.801542
12.558497,15,129.369545
5.560487,7,129.687958
14.521279,16,130.285493
12.66178,14,130.870392
13.030721,16,131.543478
5.83604,7,131.829424
8.652782,11,132.258254
5.879749,7,132.569129
14.027837,15,133.210263
14.106234,16,133.801426
12.240209,16,134.458467
12.882334,15,135.174434
14.106234,16,143.60609
4.370605,5,143.815931
3.333333,4,143.967721
12.595445,15,144.569137
12.191106,16,145.261033
7.495482,9,145.725929
13.355957,15,146.298668
7.034136,8,146.650769
14.48563,17,147.304377
4.196156,5,147.524885
13.639885,16,148.202012
12.384012,14,148.774442
11.530908,14,149.378867
12.133042,15,149.934794
5.130376,6,150.183941
8.13437,10,150.634091
8.169086,10,151.002357
10.582825,13,151.543723
14.161513,16,152.148768
13.870947,15,152.761652
11.328457,14,153.328717
3.305556,4,153.479217
13.772892,16,163.287123
4.865131,6,163.53977
3.818752,5,163.737516
10.919796,13,164.277833
13.606234,16,164.928078
8.900387,10,165.301836
10.558499,14,165.814476
5.847101,7,166.088555
4.754739,6,166.322217
14.634012,17,166.981084
6.833485,8,167.324833
12.43855,15,167.871206
14.717346,17,168.534521
5.538592,7,168.829155
13.745123,15,169.454697
11.743977,14,170.051304
11.861377,15,170.64029
14.18956,16,171.359657
5.401134,7,171.728167
5.895132,8,172.087931
6.757895,8,172.490254
12.91179,15,173.228579
10.8641,14,183.306397
5.242832,6,183.547173
12.023697,14,184.109789
6.031885,8,184.410454
3.882951,5,184.578273
14.318961,16,185.23851
6.790971,8,185.617697
14.717346,17,186.320873
7.644304,10,186.710268
13.917003,16,187.353157
7.40626,9,187.723382
11.774764,16,188.370055
8.552142,10,188.833746
11.969151,16,190.508346
12.243105,17,191.152597
8.939943,11,191.581188
11.104776,14,192.12837
12.043048,16,192.816516
10.945944,14,193.418418
10.000624,15,193.999182
9.013075,11,202.711075
3.338925,4,202.890346
13.6059,15,203.517797
13.27194,17,204.197013
12.21695,17,204.864459
4.902308,6,205.11102
5.209122,6,205.368544
9.009072,12,205.805048
13.141832,16,206.457761
8.856593,11,206.867954
10.111126,12,207.329951
13.364241,16,207.930508
12.161394,17,208.560924
5.99019,8,208.888541
11.955394,15,209.416297
12.929746,15,210.028229
11.252342,15,210.686764
13.88368,16,211.303766
13.475165,16,211.957177
13.745123,16,212.588712
11.967704,14,221.015034
11.481354,14,221.630826
5.747042,7,221.896768
7.896975,10,222.291249
6.412174,8,223.645566
13.392332,16,224.386833
12.614054,15,225.005198
12.939178,14,225.581789
3.333333,4,225.723292
12.578061,17,226.465555
11.996986,16,227.094779
14.457852,17,227.834391
13.717346,16,228.421737
12.036964,14,228.949686
13.66179,16,229.582765
5.034502,6,229.815045
14.400397,16,230.437335
13.197574,16,231.050743
7.592463,9,231.407053
13.106593,16,239.787313
13.197388,16,240.45726
15.022901,17,241.187913
13.891832,17,241.853058
11.885875,16,242.488998
10.928641,13,243.060527
12.939568,15,243.693068
12.912719,16,244.337118
13.578409,16,244.955646
14.178452,16,245.572593
14.939568,17,246.214792
12.605272,15,246.796678
7.065844,9,247.17323
9.475564,11,247.625518
13.717346,16,248.269254
14.412165,17,248.92493
14.002943,17,249.568383
13.578457,16,259.196213
13.955952,16,259.767558
10.021115,12,260.237575
12.633616,17,260.959317
14.384012,17,261.588747
12.16637,16,262.217022
15.289563,17,262.89916
12.328061,17,263.568692
11.913653,16,264.235301
12.550283,17,264.94308
13.717346,16,265.601185
12.4019,17,266.214585
12.550283,17,266.862707
12.052541,16,267.519989
11.885875,16,268.164706
7.42011,9,268.545874
14.884012,17,277.011341
15.207852,17,277.649699
15.022901,17,278.345868
12.166368,16,278.999231
14.522901,17,279.684705
15.106234,17,280.356692
12.495123,15,280.925396
14.967346,17,281.555753
13.08042,16,282.380267
14.124733,17,283.0834
13.426906,17,283.694098
8.373011,11,284.155391
12.86462,15,284.78161
14.521279,17,285.428756
14.41179,17,286.091714
12.522505,17,286.731826
12.862959,17,296.185095
14.772901,17,296.814008
15.189568,17,297.464743
12.10132,16,298.102707
12.138544,16,298.677938
13.522901,16,299.292572
14.114054,17,299.988501
14.384012,17,300.65645
10.827592,13,301.12343
14.828132,17,301.838421
14.439568,17,302.511352
15.050679,17,303.212245
14.245123,17,303.876762
14.030721,17,304.559028
14.298722,16,305.175334
14.225165,17,305.87299
7.710748,10,314.181562
14.048724,16,314.908201
13.467346,16,315.573841
15.180074,17,316.296972
13.780721,17,316.957943
13.23805,16,317.545933
12.687272,17,318.204579
14.5,17,318.876259
15.106234,17,319.471194
12.439172,17,320.176283
12.096704,16,320.81202
12.17082,16,321.410833
14.328457,17,322.068319
15.078457,17,323.765773
12.328061,17,324.444985
10.106234,12,324.910354
10.577656,14,333.165738
13.412776,17,333.876014
12.550283,17,334.610517
15.106234,17,335.309622
14.745123,17,336.067899
12.661394,17,336.7417
14.772901,17,337.400456
15.106234,17,338.047886
12.605839,17,338.702154
14.439568,17,339.355153
14.606234,17,339.957362
12.688895,17,340.604
9.218272,11,341.041722
13.108198,16,341.682774
14.328457,16,342.262435
14.328457,17,350.966609
12.244727,17,351.610066
14.995123,17,352.285938
14.439568,17,352.944043
15.16179,17,353.592899
13.747087,17,354.266244
14.884012,17,354.961308
15.078457,17,356.7982
14.772901,17,357.474769
12.494727,17,358.1889
13.182785,16,358.87998
12.154919,16,359.646076
12.633616,17,360.417216
12.605839,17,361.184825
13.634998,17,362.010053
12.633616,17,362.682048
14.225165,17,372.017158
12.633616,17,372.645407
12.46695,17,373.379237
14.439568,17,374.085025
12.661394,17,374.736146
15.16179,17,375.440251
12.689172,17,376.126634
12.633616,17,376.808604
12.659772,17,377.449149
13.216481,16,378.092335
15.16179,17,378.82444
12.64802,15,379.449186
15.078457,17,380.098616
15.078457,17,380.73141
9.789421,14,381.291841
12.494727,17,391.02312
12.661394,17,391.715158
13.197388,16,392.523471
14.272901,17,393.168942
14.717346,17,393.88446
14.439568,17,394.555532
15.189568,17,395.22609
15.106234,17,395.868453
15.134012,17,396.526469
14.384012,17,397.218404
13.808499,17,397.871795
11.246986,16,398.553443
15.134012,17,399.236519
12.661394,17,399.905924
14.772901,17,400.5978
11.475352,14,409.276966
12.550283,17,410.079109
10.993346,13,410.57393
12.163653,16,411.254433
12.661394,17,411.885563
15.050679,17,412.60629
12.124481,16,413.208773
12.189172,17,413.835183
14.967346,17,414.507069
15.106234,17,415.212557
12.605839,17,415.866448
12.244259,15,416.465104
15.16179,17,417.078915
14.745123,17,417.770622
6.592384,8,418.113737
11.828061,17,418.783136
12.605839,17,428.629925
14.217346,17,429.280187
15.078457,17,429.904091
12.578061,17,430.577599
12.633616,17,431.296587
14.447388,17,431.906222
12.594675,17,432.550477
14.578457,17,433.234759
12.705833,17,433.910587
15.050679,17,434.631395
15.134012,17,435.274298
12.605561,17,435.97904
10.891308,13,436.479293
14.800679,17,437.161122
12.633616,17,437.906485
12.494727,17,438.566795
12.383616,17,447.267237
14.967346,17,447.893385
12.522505,17,448.520192
13.189926,16,449.106814
15.078457,17,449.782121
13.91961,17,450.508341
12.633616,17,451.215021
15.078457,17,451.904495
14.150339,16,452.551709
11.558685,14,453.071973
8.808999,11,453.544743
12.633616,17,454.188747
14.38239,16,454.842198
12.578061,17,456.554988
14.772901,17,457.226052
15.134012,17,457.852338
15.16179,17,466.532509
15.106234,17,467.278063
12.661394,17,468.014307
14.245123,17,468.688844
15.134012,17,469.394645
15.106234,17,470.037457
14.995123,17,470.784403
10.077592,12,471.283893
15.189568,17,472.020492
14.453576,17,472.711701
14.356234,17,473.335276
12.522505,17,473.958559
12.358198,15,474.569547
15.022901,17,475.243651
12.161753,16,475.873426
12.522505,17,484.44569
12.578061,17,485.140825
13.947388,17,485.883637
15.106234,17,486.591078
15.050679,17,487.287538
12.550283,17,487.973929
15.134012,17,488.632958
12.605839,17,490.393947
12.078061,17,491.074081
15.106234,17,491.705351
12.558685,15,492.288303
15.161743,17,492.939785
14.550679,17,493.68444
14.467346,17,494.329068
12.605839,17,495.036577
12.578061,17,504.317534
12.578061,17,505.032737
13.496109,17,505.772996
14.319178,17,506.47764
15.022901,17,507.168213
15.134012,17,507.959661
14.606234,17,508.66644
12.689172,17,509.412138
12.578061,17,510.113777
12.605839,17,510.758309
14.550679,17,511.533729
12.605839,17,512.298135
15.16179,17,513.093187
15.189568,17,513.801622
14.967346,17,514.459069
13.939926,17,524.652802
14.939568,17,525.483838
14.995123,17,526.189489
15.16179,17,526.890185
15.050679,17,527.532837
14.134012,16,528.187014
15.078457,17,528.875667
12.550283,17,529.530197
13.836277,17,530.202971
12.661394,17,530.881568
9.373159,11,531.340558
12.605839,17,532.10844
10.937781,13,532.668602
14.772901,17,533.30299
11.904717,14,533.81227
12.578061,17,534.569481
14.717346,17,542.959461
12.31753,15,543.576675
13.91961,17,544.201965
13.864054,17,544.949768
15.106234,17,545.613839
15.106234,17,546.298763
13.496109,17,546.987692
10.938704,13,547.484546
12.108097,16,548.113838
14.856234,17,548.823065
14.66179,17,549.486985
12.411394,17,550.152604
15.217298,17,550.828524
14.606234,17,551.480678
14.91179,17,552.200735
12.578061,17,552.870651
10.142212,14,562.702746
12.46695,17,563.36187
12.605839,17,564.04233
12.133975,16,564.690175
15.106234,17,565.371773
13.975165,17,566.038289
12.689172,17,566.723176
15.078457,17,567.398895
12.661394,17,568.011828
12.633616,17,568.711157
12.633616,17,569.357546
12.633616,17,570.030369
13.975165,17,570.671029
13.836277,17,571.291852
14.550679,17,571.935468
12.46695,17,580.652831
12.689172,17,581.414292
15.189568,17,582.062245
14.217346,16,582.714473
15.078457,17,583.485033
15.022901,17,584.146305
12.166368,16,584.753688
11.087763,15,585.285766
12.605839,17,585.882942
14.197388,17,586.558987
12.494727,17,587.300884
12.578061,17,587.907188
12.661394,17,588.584683
14.300669,16,590.285034
15.078457,17,590.929389
15.134012,17,599.65209
12.221925,16,600.249609
12.605839,17,600.92147
12.578061,17,601.598233
14.745123,17,602.277331
12.190821,15,602.942756
12.661394,17,603.615592
14.495123,17,604.291337
12.439172,17,604.930487
15.078457,17,605.587213
13.605273,17,606.269502
12.550283,17,606.891432
12.494727,17,607.520356
15.134012,17,608.176749
12.108095,16,608.824841
12.605839,17,609.575318
13.410829,17,617.913385
15.134012,17,618.602109
14.467346,17,619.337123
12.633616,17,619.970992
14.058499,17,620.684323
14.995123,17,621.388386
15.106234,17,623.233411
12.578061,17,623.942941
12.661394,17,624.617694
12.661394,17,625.313324
14.606234,17,625.987253
15.134012,17,626.654055
14.530721,17,627.340023
12.633616,17,628.043758
10.096956,12,628.506713
12.605839,17,637.080174
15.134012,17,638.048177
12.605839,17,638.985461
10.596294,14,639.839755
12.578061,17,642.011862
11.328419,17,642.854087
13.605273,17,643.90222
11.870243,14,644.600686
15.16179,17,645.384403
15.050679,17,646.186893
11.828061,17,647.013935
14.16961,17,647.808203
12.633616,17,648.783066
13.801665,17,649.832597
12.633616,17,650.704424
15.189568,17,661.334982
12.494727,17,662.089582
15.078457,17,662.726316
10.108198,12,663.346581
14.217346,17,664.038725
12.522505,17,664.769483
15.134012,17,665.532722
14.550679,17,666.326495
12.161394,17,666.987205
12.689172,17,667.674522
15.106234,17,668.343668
15.078457,17,669.041644
12.578061,17,669.857655
12.578061,17,670.629545
9.244259,11,671.088235
15.106234,17,671.771667
12.633616,17,680.639515
12.689172,17,681.303065
13.718331,17,682.038384
14.439568,17,682.784546
12.522505,17,683.500486
14.66179,17,684.212605
15.078457,17,684.905253
13.993449,17,685.582942
14.114054,17,686.271556
15.106234,17,686.918838
12.605839,17,687.70059
14.522901,17,688.376863
15.106234,17,690.11362
9.993337,12,690.647466
12.374733,15,691.233834
15.134012,17,691.910825
14.578457,17,700.749046
15.134012,17,701.460992
12.633616,17,702.170167
15.050679,17,702.797264
14.550679,17,703.553712
13.73373,16,704.201852
13.91961,17,704.854942
13.300679,16,705.464291
14.578457,17,706.130248
15.189568,17,706.818373
12.63437,15,707.401276
14.086277,17,708.127168
12.605839,17,708.775835
14.197388,17,709.4596
15.16179,17,710.227755
13.975165,17,718.739021
15.134012,17,719.377009
12.633608,17,720.059607
12.633616,17,720.72498
12.689172,17,721.381909
14.550679,17,723.079146
12.605839,17,723.813459
15.16179,17,724.468653
12.689172,17,725.141061
11.725666,14,725.700852
15.078457,17,726.36303
15.134012,17,727.023957
14.384012,17,727.688393
15.16179,17,728.354757
10.985845,13,728.841524
15.106234,17,737.546835
12.633616,17,738.182202
12.633616,17,738.884946
12.578061,17,739.554502
15.106234,17,740.23949
15.134012,17,740.900578
15.189568,17,741.513048
15.134012,17,742.197362
10.897781,13,742.685263
15.16179,17,743.400948
12.633616,17,744.10948
12.633616,17,744.779746
15.134012,17,745.426376
12.689172,17,746.146294
15.189568,17,746.835263
15.106234,17,747.487721
12.633616,17,757.150362
12.633616,17,757.810028
15.134012,17,758.481686
14.300679,17,759.190017
14.356234,17,759.869782
10.540738,14,760.401344
12.661394,17,761.149929
12.605839,17,761.751793
15.106234,17,762.391759
12.342465,15,762.959462
12.661394,17,763.628158
12.661394,17,764.348877
15.134012,17,765.06305
12.633616,17,765.825263
13.064448,16,766.578127
11.475666,14,775.258992
13.773887,17,775.979494
10.967346,13,776.556211
15.16179,17,777.166479
14.578457,17,777.772827
14.384012,17,778.488602
15.078457,17,779.118788
14.745123,17,779.793959
14.300679,17,780.435953
15.106234,17,781.078801
15.078457,17,781.709531
13.864054,17,782.410217
12.633616,17,783.053753
15.16179,17,783.713086
12.550283,17,784.400834
13.718331,17,793.89772
12.605839,17,794.618573
12.633616,17,795.318152
15.134012,17,795.975716
15.106234,17,796.660735
14.606234,17,797.412568
14.606234,17,798.065836
12.689172,17,798.725488
12.633616,17,799.382268
13.13437,16,800.049054
12.661394,17,800.706196
15.106234,17,801.404511
12.21695,17,802.029004
15.134012,17,802.67917
11.828815,14,803.214983
14.606234,17,803.882611
12.578061,17,812.472414
15.16179,17,813.182862
14.328457,17,813.937515
12.605839,17,814.589721
11.855839,17,815.260169
15.16179,17,815.929464
12.689172,17,816.551244
15.078457,17,817.266008
15.134012,17,817.926147
12.689172,17,818.540159
12.633616,17,819.189867
13.746109,17,819.825324
15.189568,17,820.520149
15.16179,17,821.150955
9.995482,12,821.613247
15.134012,17,831.196199
12.705833,17,831.823439
14.495123,17,832.487098
12.661394,17,833.116187
13.975165,17,833.775359
14.828457,17,834.431965
14.392019,17,835.158859
14.578457,17,835.873932
14.197388,17,836.478506
13.773887,17,837.18621
14.356234,17,837.896939
14.66179,17,838.558933
15.16179,17,839.243167
15.134012,17,839.942738
12.633616,17,840.572473
14.578457,17,849.123202
15.050679,17,849.809016
13.662776,17,850.489319
14.356234,17,851.164308
14.606234,17,851.787745
12.661394,17,852.450698
14.41179,17,853.112096
14.606234,17,853.786259
12.689172,17,854.468807
12.175559,15,855.029935
15.106234,17,856.723902
13.14802,16,857.334107
15.134012,17,858.009965
14.16961,17,858.725901
14.578457,17,859.417487
15.106234,17,868.100953
15.078457,17,868.759773
14.939568,17,869.435752
15.106234,17,870.088441
14.522901,17,870.749121
14.522901,17,871.399554
14.197388,17,872.078454
14.995123,17,872.766977
15.106234,17,873.407313
12.578061,17,874.094641
12.605839,17,874.762087
12.578061,17,875.407373
13.718331,17,876.086394
15.106234,17,876.766382
12.661394,17,877.454159
12.633616,17,886.023582
12.661394,17,886.738348
14.550679,17,887.440623
15.16179,17,888.079121
13.709977,16,889.763736
14.967346,17,890.389208
15.189568,17,891.063771
12.578061,17,891.691839
15.078457,17,892.36707
12.661394,17,893.050784
11.633616,17,893.705155
15.078457,17,894.427518
14.384012,17,895.108157
14.058499,17,895.776866
13.801665,17,896.476686
14.41179,17,897.120107
14.225165,17,905.884367
14.41179,17,906.593687
13.440554,17,907.240375
15.16179,17,907.941288
12.689172,17,908.606448
14.384012,17,909.237731
13.939568,17,909.89453
15.050679,17,910.536081
15.134012,17,911.174176
12.689172,17,911.813563
14.467346,17,912.464466
14.41179,17,913.105207
15.189568,17,913.73667
14.16961,17,914.435207
13.801665,17,915.117317
12.605839,17,924.682184
15.106234,17,925.334689
14.41179,17,926.034185
12.022505,17,926.742553
13.662776,17,927.375199
12.522505,17,928.047974
14.356234,17,928.720566
13.91961,17,929.386144
12.578061,17,930.088652
15.134012,17,930.781907
15.16179,17,931.42959
14.522901,17,932.06739
12.494727,17,932.732717
14.141832,17,933.40911
15.022901,17,934.036682
15.16179,17,942.633861
14.995123,17,943.291493
14.16961,17,943.90799
11.460272,14,944.494354
15.16179,17,945.160134
14.66179,17,945.84987
14.086277,17,946.537688
12.550283,17,947.207829
15.134012,17,947.921286
15.134012,17,948.665088
14.030721,17,949.328874
14.550679,17,950.013947
14.356234,17,950.687843
14.66179,17,951.381058
12.105839,17,952.038483
14.328457,17,962.022502
13.579443,17,962.735259
15.16179,17,963.373647
13.523887,17,964.018339
14.058499,17,964.692609
15.189568,17,965.39364
14.141832,17,966.047766
7.779386,10,966.431003
14.800679,17,967.086418
14.495123,17,967.753279
14.606234,17,968.434186
14.356234,17,969.223473
14.66179,17,969.89288
15.16179,17,970.692788
14.689568,17,971.385276
13.864054,17,980.14261
12.578061,17,980.791747
14.300679,17,981.467136
14.578457,17,982.134356
15.16179,17,982.764264
14.086277,17,983.481552
14.856234,17,984.161116
14.197388,17,984.799225
12.308685,15,985.391874
10.146975,12,985.828929
14.772901,17,986.551026
14.197388,17,987.203898
14.66179,17,987.844614
13.891832,17,989.549977
13.412776,17,990.257909
13.947388,17,990.91731
12.439172,17,999.191297
14.550679,17,999.869787
14.828457,17,1000.517079
14.578457,17,1001.182485
10.913753,13,1001.723678
14.41179,17,1002.375476
15.16179,17,1003.111537
14.384012,17,1003.797843
14.272901,17,1004.415541
14.141832,17,1005.120179
14.086277,17,1005.878528
12.191531,15,1006.45592
14.522901,17,1007.080451
14.356234,17,1007.734021
13.746109,17,1008.506252
14.606234,17,1017.382702
13.891832,17,1018.022047
14.328457,17,1018.652175
14.634012,17,1019.29872
14.197388,17,1019.954123
14.439568,17,1020.617328
10.897781,13,1021.234105
14.578457,17,1023.041912
13.496109,17,1023.682283
14.384012,17,1024.40098
13.690554,17,1025.094055
14.550679,17,1025.784457
14.578457,17,1026.447832
12.105839,17,1027.127309
14.141832,17,1027.827431
14.522901,17,1028.459053
12.439172,17,1037.081261
14.141832,17,1037.710518
13.551665,17,1038.419886
14.550679,17,1039.068702
13.891832,17,1039.75494
12.522505,17,1040.411923
12.633616,17,1041.11375
14.252943,17,1041.836798
14.16961,17,1042.509109
14.114054,17,1043.117872
12.633616,17,1043.92412
11.994727,17,1044.615226
14.439568,17,1045.295391
13.662776,17,1045.938435
14.606234,17,1046.588179
13.690554,17,1054.840133
12.328061,17,1056.619878
13.773887,17,1057.237241
14.41179,17,1057.973307
14.634012,17,1058.677466
10.167291,15,1059.309529
13.975165,17,1059.971301
13.925798,17,1060.635358
14.550679,17,1061.383103
11.911394,17,1062.071964
13.718331,17,1062.793957
14.086277,17,1063.47964
13.662776,17,1064.187212
12.105839,17,1064.813858
14.058499,17,1065.524862
13.152511,16,1073.821469
12.439172,17,1074.559434
14.66179,17,1075.175969
14.550679,17,1075.99029
14.606234,17,1076.707576
14.41179,17,1077.323478
15.106234,17,1078.08424
14.002943,17,1078.795896
14.002943,17,1079.415431
13.690554,17,1080.090173
14.634012,17,1080.763556
14.634012,17,1081.444161
14.41179,17,1082.064254
14.41179,17,1082.783788
14.030721,17,1083.459337
12.857488,16,1093.168196
14.141832,17,1093.885962
13.801665,17,1094.604414
14.141832,17,1095.278235
14.634012,17,1095.999831
12.383616,17,1096.761735
14.967346,17,1097.456368
12.689172,17,1098.120905
14.364054,17,1098.760803
13.718331,17,1099.427174
14.41179,17,1100.121952
15.16179,17,1100.788191
13.718331,17,1101.466131
15.189568,17,1102.125778
15.106234,17,1102.787353
14.328457,17,1111.225653
13.496109,17,1111.893934
14.550679,17,1112.570174
13.718331,17,1113.228528
14.606234,17,1113.928801
14.522901,17,1114.569789
13.551665,17,1115.255284
15.16179,17,1115.900856
14.328457,17,1116.527395
14.114054,17,1117.136705
14.606234,17,1117.79171
14.66179,17,1118.450464
14.606234,17,1119.174599
11.994727,17,1119.826208
14.356234,17,1120.507819
15.134012,17,1130.102336
15.189568,17,1130.751461
14.66179,17,1131.461055
14.717346,17,1132.121261
14.606234,17,1132.721838
15.16179,17,1133.448908
14.550679,17,1134.118415
15.134012,17,1134.834332
11.939172,17,1135.459937
15.050679,17,1136.10152
14.197388,17,1136.747745
15.134012,17,1137.468064
14.063642,17,1138.126312
12.494727,17,1138.81082
14.800679,17,1139.439506
15.16179,17,1147.657723
14.272901,17,1148.283844
14.495123,17,1148.984313
14.772901,17,1149.638245
15.16179,17,1150.40205
14.197388,17,1151.053669
14.550679,17,1151.710095
15.189568,17,1152.363859
14.606234,17,1153.064376
15.106234,17,1153.712122
13.662776,17,1154.373466
14.578457,17,1155.059667
13.773887,17,1156.893406
14.606234,17,1157.55575
14.606234,17,1158.239838
15.106234,17,1166.903688
12.050283,17,1167.601377
14.502943,17,1168.33237
14.114054,17,1169.006765
14.141832,17,1169.603519
14.141832,17,1170.256791
13.718331,17,1170.995449
14.439568,17,1171.646636
14.578457,17,1172.328239
14.884012,17,1172.964161
14.280721,17,1173.603208
14.66179,17,1174.204628
15.16179,17,1174.811797
13.60722,17,1175.442768
14.384012,17,1176.07025
11.883616,17,1184.48311
13.746109,17,1185.122134
15.106234,17,1185.789678
15.106234,17,1186.498373
14.114054,17,1187.180386
12.050283,17,1187.82425
14.578457,17,1188.462208
13.60722,17,1190.266765
15.134012,17,1190.986802
14.634012,17,1191.794365
15.189568,17,1192.481601
14.606234,17,1193.168634
14.384012,17,1193.853325
14.578457,17,1194.554812
13.891832,17,1195.245372
15.271001,17,1203.626564
15.16179,17,1204.262506
14.550679,17,1205.060364
15.106234,17,1205.778128
13.180289,16,1206.409301
15.16179,17,1207.08804
13.746109,17,1207.785051
14.086277,17,1208.433505
14.578457,17,1209.048646
14.66179,17,1209.697239
15.161513,17,1210.38067
14.467346,17,1211.042253
14.197388,17,1211.70849
14.884012,17,1212.299613
14.412148,17,1212.954332
12.46695,17,1221.768367
11.855839,17,1223.600878
14.114054,17,1224.338952
14.16961,17,1225.082744
14.578457,17,1225.842126
15.16179,17,1226.51726
15.16179,17,1227.222284
14.606234,17,1227.887249
14.800679,17,1228.583762
13.975165,17,1229.262324
11.024864,13,1229.800368
14.578457,17,1230.467439
14.530721,17,1231.149971
14.634012,17,1231.768845
14.16961,17,1232.405031
13.746109,17,1233.109962
14.606234,17,1241.393997
13.975165,17,1242.024223
14.502943,17,1242.682088
15.189568,17,1243.287419
14.467346,17,1243.934597
15.23563,17,1244.612911
14.995123,17,1245.414722
14.439568,17,1246.234746
14.634012,17,1247.335721
15.134012,17,1249.714616
12.105839,17,1250.765194
14.578457,17,1251.805898
14.66179,17,1252.785363
14.66179,17,1253.608185
14.336277,17,1254.442805
14.634012,17,1265.427311
14.578457,17,1266.11051
14.578457,17,1266.832805
14.66179,17,1267.628313
14.884012,17,1268.371107
14.578457,17,1269.070176
14.66179,17,1269.733252
13.718331,17,1270.380917
13.91961,17,1271.014555
13.634998,17,1271.769271
14.606234,17,1272.493247
11.911394,17,1273.153228
15.189568,17,1273.780311
14.634012,17,1274.45149
14.495123,17,1275.085985
14.16961,17,1284.188557
15.134012,17,1284.864011
13.947388,17,1285.622006
13.662776,17,1286.352983
12.439172,17,1287.058586
14.550679,17,1287.748215
15.050679,17,1288.48351
14.141832,17,1290.32067
14.550679,17,1291.091665
14.995123,17,1291.775051
14.606234,17,1292.493837
14.596741,17,1293.258539
13.468331,17,1293.998344
13.718331,17,1294.673919
14.356234,17,1295.396215
13.773887,17,1304.183829
14.66179,17,1304.808116
13.690554,17,1305.497875
14.550679,17,1306.171113
14.16961,17,1306.835794
14.114054,17,1307.567735
12.022505,17,1308.235948
14.16961,17,1308.872117
13.773887,17,1309.594581
10.679627,14,1310.180312
13.773887,17,1310.904747
15.106234,17,1311.540564
14.634012,17,1312.199351
11.96695,17,1312.844913
15.16179,17,1313.564315
14.550679,17,1323.368125
11.82971,14,1323.99045
13.551665,17,1324.786473
15.189568,17,1325.544204
14.141832,17,1326.204558
15.134012,17,1326.954845
15.134012,17,1327.675223
14.578457,17,1328.390579
14.578457,17,1329.103568
13.662776,17,1329.800578
12.996377,16,1330.448255
14.467346,17,1331.0951
13.801665,17,1331.763649
14.457852,17,1332.417025
13.662776,17,1333.036583
15.16179,17,1341.795128
14.634012,17,1342.502236
14.995123,17,1343.299616
14.197388,17,1344.023441
14.66179,17,1344.743663
13.746109,17,1345.46613
14.141832,17,1346.111052
14.522901,17,1346.781446
15.189568,17,1347.470963
10.735183,14,1348.058891
12.659772,17,1348.70184
14.578457,17,1349.460965
14.141832,17,1350.121283
14.002943,17,1350.792302
14.114054,17,1351.475235
13.773887,17,1352.158769
14.086277,17,1361.840692
12.550283,17,1362.555928
14.356234,17,1363.302397
14.550679,17,1363.966204
13.801665,17,1364.615567
14.66179,17,1365.280381
14.41179,16,1365.894336
15.189568,17,1366.731067
15.134012,17,1367.458689
13.718331,17,1368.124831
11.911394,17,1368.835003
14.086277,17,1369.490952
14.114054,17,1370.166228
13.718331,17,1370.870508
13.690554,17,1371.536203
14.086277,17,1379.89505
14.141832,17,1380.586064
11.421096,15,1381.179347
15.134012,17,1381.861071
13.764393,17,1382.561704
14.197388,17,1383.264345
14.800679,17,1383.972847
13.662776,17,1384.724005
14.114054,17,1385.364447
14.550679,17,1386.039846
14.114054,17,1386.777447
15.134012,17,1387.443781
14.772901,17,1388.131267
14.606234,17,1389.954498
14.550679,17,1390.728031
14.522901,17,1399.345564
12.494727,17,1399.965697
14.225165,17,1400.631666
13.690554,17,1401.350887
12.661394,17,1402.068837
12.050283,17,1402.70989
15.189568,17,1403.389096
14.197388,17,1403.999955
13.690554,17,1404.681402
14.16961,17,1405.359155
14.495123,17,1406.046873
14.634012,17,1406.742889
14.002943,17,1407.449627
14.197388,17,1408.166781
14.114054,17,1408.796186
11.939172,17,1417.440306
15.261785,17,1418.18029
15.16179,17,1418.924556
14.141832,17,1419.648757
14.606234,17,1420.386485
15.189568,17,1421.052781
14.336277,17,1421.690827
11.524864,14,1423.41237
13.523887,17,1424.141259
14.495123,17,1424.83534
15.134012,17,1425.525782
14.606234,17,1426.235472
14.550679,17,1426.95095
14.030721,17,1427.669049
13.662776,17,1428.447733
14.141832,17,1436.830361
14.16961,17,1437.508342
14.41179,17,1438.231454
14.495123,17,1438.975529
15.16179,17,1439.650762
13.718331,17,1440.333194
14.578457,17,1441.043457
15.23563,17,1441.689691
14.634012,17,1442.340796
13.203337,16,1442.978584
15.16179,17,1443.607206
14.66179,17,1444.267978
14.596741,17,1444.975278
14.197388,17,1445.689845
14.141832,17,1446.345407
14.578457,17,1454.883672
15.16179,17,1456.70287
14.578457,17,1457.435656
14.002943,17,1458.144464
14.141832,17,1458.844156
13.718331,17,1459.516966
13.718331,17,1460.175205
14.772901,17,1460.850012
13.718331,17,1461.504112
13.82782,17,1462.124698
13.690554,17,1462.814763
14.689568,17,1463.451034
14.197388,17,1464.103973
14.225165,17,1464.787017
15.16179,17,1465.487905
15.189568,17,1476.348985
14.606234,17,1477.032219
14.384012,17,1477.696679
14.606234,17,1478.47038
14.91179,17,1479.179548
15.206229,17,1479.870739
14.578457,17,1480.694848
15.16179,17,1481.523831
14.66179,17,1482.341595
14.606234,17,1483.081001
14.086277,17,1483.777065
14.550679,17,1484.532819
15.16179,17,1485.327423
12.411394,17,1486.018251
14.578457,17,1486.764123
13.773887,17,1487.438923
11.328419,17,1497.536696
14.634012,17,1498.231198
13.801657,17,1498.902101
12.105839,17,1499.592521
15.16179,17,1500.297791
14.495123,17,1501.030604
14.606234,17,1501.732677
14.16961,17,1502.497897
14.634012,17,1503.357754
12.661394,17,1504.090856
14.634012,17,1505.033239
14.606234,17,1505.794313
13.773887,17,1506.497108
14.495076,17,1507.432863
12.078061,17,1508.343306
13.773887,17,1517.164308
14.606234,17,1517.871089
14.66179,17,1518.604507
15.189568,17,1519.331229
14.634012,17,1519.976317
14.634012,17,1520.665164
13.162148,16,1521.346267
13.773887,17,1522.07361
13.523887,17,1523.963458
13.579443,17,1524.614279
14.66179,17,1525.300993
15.134012,17,1525.989721
15.106234,17,1526.644407
13.746109,17,1527.320316
14.197388,17,1528.006944
14.606234,17,1536.870139
14.197388,17,1537.531027
11.883616,17,1538.269435
13.718331,17,1539.012796
14.467346,17,1539.694074
14.578457,17,1540.336861
14.225165,17,1541.011322
14.745123,17,1541.726464
13.718331,17,1542.420886
13.634998,17,1543.074054
15.134012,17,1543.786767
14.16961,17,1544.425425
14.578457,17,1545.124835
15.16179,17,1545.851886
14.197388,17,1546.545509
14.16961,17,1555.385747
14.197388,17,1557.231316
14.086277,17,1558.073169
14.578457,17,1558.830344
12.105839,17,1559.631835
14.578457,17,1560.306926
15.23563,17,1561.034423
14.41179,17,1561.749022
14.634012,17,1562.406265
14.578457,17,1563.100132
14.141832,17,1563.71651
13.85722,17,1564.379936
13.746109,17,1565.101634
14.16961,17,1565.772325
14.225165,17,1566.486684
14.16961,17,1574.851069
14.225165,17,1575.594732
10.975666,13,1576.127703
14.606234,17,1576.779536
13.718331,17,1577.471179
14.252935,17,1578.134512
15.23563,17,1578.818818
12.513011,17,1579.604328
10.568516,14,1580.186494
15.189568,17,1580.860709
14.828457,17,1581.572995
12.633616,17,1582.305428
15.16179,17,1583.006995
15.16179,17,1583.755982
12.661394,17,1584.421519
13.801665,17,1593.893161
15.189568,17,1594.624203
10.965559,13,1595.120483
15.189568,17,1595.788127
15.344841,17,1596.459536
14.384012,17,1597.124559
15.307847,17,1597.829887
14.502943,17,1598.486666
14.141832,17,1599.150354
14.114054,17,1599.821362
15.189568,17,1600.503962
14.66179,17,1601.164794
14.578457,17,1601.893973
12.050283,17,1602.545751
15.189568,17,1603.289106
15.134012,17,1603.995729
14.578457,17,1612.604155
15.335624,17,1613.352163
14.522901,17,1614.19129
15.16179,17,1614.937993
13.523887,17,1615.616077
10.790738,14,1616.184725
15.134012,17,1616.876031
15.16179,17,1617.528755
15.134012,17,1618.17814
14.197388,17,1618.825608
14.141832,17,1619.496591
15.134012,17,1620.161272
14.606234,17,1620.820134
14.225165,17,1621.499029
15.180074,17,1622.164436
14.66179,17,1631.875949
13.579443,17,1632.546964
15.16179,17,1633.221553
14.66179,17,1633.901565
14.578457,17,1634.559999
13.127229,16,1635.186894
14.114054,17,1635.886089
15.207852,17,1636.569852
15.189568,17,1637.227033
14.578457,17,1637.8491
12.078061,17,1638.483535
14.550679,17,1639.197349
14.176778,17,1639.842923
14.634012,17,1640.479028
14.197388,17,1641.179995
15.189568,17,1649.915653
14.634012,17,1650.579372
12.105839,17,1651.32572
15.134012,17,1652.025766
11.96695,17,1652.750382
14.241827,17,1653.440665
15.180074,17,1654.127684
13.718331,17,1654.795086
12.133616,17,1655.462155
14.706229,17,1657.356377
14.634012,17,1658.034431
15.215723,17,1658.774011
14.141832,17,1659.426327
14.66179,17,1660.189195
13.14802,16,1660.886414
15.134012,17,1669.43494
14.16961,17,1670.137009
14.606234,17,1670.914726
14.578457,17,1671.623633
14.197388,17,1672.285026
14.606234,17,1673.016419
14.114054,17,1673.769317
14.634012,17,1674.504666
14.114054,17,1675.124092
14.114054,17,1675.764066
14.550679,17,1676.403563
13.718331,17,1677.040725
13.718331,17,1677.653382
15.335624,17,1678.356955
14.522901,17,1679.010606
15.189568,17,1687.830476
15.16179,17,1688.567564
12.022505,17,1689.292372
15.23563,17,1691.131776
13.662776,17,1691.896535
12.133339,17,1692.620155
14.717346,17,1693.316818
14.846741,17,1693.970423
10.624071,14,1694.541905
14.141832,17,1695.214949
13.662776,17,1695.904659
12.105839,17,1696.634511
15.23563,17,1697.350813
15.134012,17,1698.101977
14.16961,17,1698.855331
15.134012,17,1708.877053
15.134012,17,1709.554023
14.495123,17,1710.258423
14.660168,17,1710.938417
12.078061,17,1711.725815
14.495123,17,1712.398088
14.141832,17,1713.106699
15.013407,17,1713.806875
15.16179,17,1714.550633
14.550679,17,1715.318353
14.66179,17,1716.143372
15.134012,17,1716.939242
13.496109,17,1717.644674
14.16961,17,1718.308319
15.16179,17,1719.055195
14.363402,16,1729.712823
14.606234,17,1730.421841
13.773887,17,1731.120206
15.16179,17,1731.761275
14.269605,17,1732.512451
14.16961,17,1733.255816
14.606234,17,1733.980765
12.078061,17,1734.684913
13.91961,17,1735.368947
14.634012,17,1736.124423
14.606234,17,1736.878179
13.819949,17,1737.610278
11.994727,17,1738.401376
15.16179,17,1739.137479
14.197388,17,1739.813444
14.558499,17,1740.522286
13.551665,17,1749.610384
14.141832,17,1750.283597
14.251321,17,1751.023219
15.106234,17,1751.883385
15.16179,17,1752.695276
14.141832,17,1753.431943
15.134012,17,1754.149915
15.134012,17,1754.847662
14.66179,17,1755.613205
15.187945,17,1757.534765
15.134012,17,1758.229901
14.141832,17,1758.951476
15.16179,17,1759.65002
15.152296,17,1760.374075
15.078457,17,1761.099596
15.16179,17,1769.913978
11.96695,17,1770.695746
13.662776,17,1771.338066
14.225165,17,1772.063654
14.606234,17,1772.729054
14.201735,17,1773.419741
13.662776,17,1774.130107
14.16961,17,1774.830791
15.134012,17,1775.598237
14.634012,17,1776.293154
14.197388,17,1777.019254
14.967346,17,1777.86967
14.197388,17,1778.53426
12.020883,17,1779.28889
14.550679,17,1780.053286
14.141832,17,1788.60885
14.634012,17,1789.254865
13.801665,17,1791.166267
15.189568,17,1791.859999
14.215672,17,1792.510298
14.578457,17,1793.21695
14.114054,17,1793.999911
14.243449,17,1794.654751
14.634012,17,1795.353965
14.689568,17,1795.992108
13.690554,17,1796.701323
14.578457,17,1797.51224
15.234007,17,1798.219428
14.634012,17,1798.907027
14.624518,17,1799.589579
12.105839,17,1808.011827
12.108097,16,1808.645681
14.772901,17,1809.385082
15.16179,17,1810.066576
14.583334,17,1810.766307
14.717068,17,1811.451116
13.579443,17,1812.157166
14.606234,17,1812.869452
14.578457,17,1813.606098
14.66179,17,1814.342627
14.299005,17,1815.013812
12.022505,17,1815.670474
15.215723,17,1816.340456
15.234007,17,1817.015633
14.252943,17,1817.675395
15.16179,17,1827.839368
13.891832,17,1828.598933
15.189568,17,1829.28117
14.495123,17,1829.955406
13.718331,17,1830.709667
14.634012,17,1831.430607
10.997344,16,1832.066182
14.550679,17,1832.673409
14.391832,17,1833.36556
14.578457,17,1833.998095
14.578457,17,1834.60787
13.662776,17,1835.277305
11.96695,17,1836.071719
15.189568,17,1836.688782
14.818963,17,1837.404114
14.141832,17,1846.178552
14.502943,17,1846.843442
13.599169,16,1847.491769
15.189568,17,1848.132214
14.215672,17,1848.853894
13.746109,17,1849.572459
15.189568,17,1850.200883
14.606234,17,1850.951806
14.058499,17,1851.715452
15.189568,17,1852.674127
13.426778,16,1853.548561
14.606234,17,1854.680049
15.134012,17,1857.948018
11.96695,17,1858.882413
14.606234,17,1859.825268
15.189568,17,1870.186658
11.96695,17,1870.931621
15.134012,17,1871.687906
12.707456,17,1872.529373
15.16179,17,1873.340489
14.707852,17,1874.164011
13.551665,17,1874.881032
14.624518,17,1875.596536
15.134012,17,1876.370952
15.271001,17,1877.093734
14.522901,17,1877.851558
14.550679,17,1878.688415
14.550679,17,1879.383767
14.634012,17,1880.139659
14.800679,17,1880.876678
14.606234,17,1889.848031
14.40989,16,1891.666174
14.243449,17,1892.396593
15.189568,17,1893.144494
14.197388,17,1893.867963
14.197388,17,1894.554865
15.106234,17,1895.277293
13.430289,16,1895.945875
14.578457,17,1896.609374
11.939172,17,1897.294729
14.678452,17,1898.027204
15.134012,17,1898.834504
14.197388,17,1899.60667
12.150278,17,1900.307909
14.66179,17,1901.018928
14.522901,17,1910.225517
15.152296,17,1910.918911
12.050283,17,1911.625371
15.068963,17,1912.32392
14.606234,17,1913.018189
14.197388,17,1913.710105
14.634012,17,1914.549141
15.134012,17,1915.234706
14.243449,17,1916.137499
14.634012,17,1916.92063
15.189568,17,1917.613968
14.197388,17,1918.382007
13.690554,17,1919.17505
14.66179,17,1919.869062
14.197388,17,1920.561519
14.66179,17,1930.814968
13.947722,17,1931.50374
15.189568,17,1932.248277
15.289563,17,1933.067755
14.606234,17,1933.742354
14.578457,17,1934.472852
14.141832,17,1935.184797
11.663643,16,1935.832066
13.662776,17,1936.59743
14.550679,17,1937.415856
15.134012,17,1938.193918
15.16179,17,1938.872083
14.578457,17,1939.595755
13.883688,16,1940.180434
14.225165,17,1940.907148
13.746109,17,1941.569426
15.245076,17,1950.42602
15.243501,17,1951.109427
14.634012,17,1951.892343
14.689568,17,1952.62128
14.634012,17,1953.317151
14.167988,17,1954.064245
14.141832,17,1954.725982
15.189568,17,1955.480527
15.23563,17,1956.185615
14.680074,17,1958.037121
14.502943,17,1958.765104
14.578457,17,1959.496696
15.215723,17,1960.163263
15.16179,17,1960.91142
14.828457,17,1961.588229
13.773887,17,1970.591493
15.23563,17,1971.310347
13.523887,17,1971.988673
14.550679,17,1972.674603
14.606234,17,1973.340836
15.23563,17,1974.04332
15.271001,17,1974.792469
15.307847,17,1975.640925
15.180074,17,1976.344354
15.134012,17,1977.10502
12.050283,17,1977.80782
15.16179,17,1978.491726
14.687945,17,1979.264872
14.734007,17,1979.929035
14.467346,17,1980.639523
13.091154,16,1989.604574
14.352661,17,1991.499131
14.530721,17,1992.254493
14.606234,17,1992.921106
15.180074,17,1993.571594
12.733611,17,1994.255226
15.16179,17,1994.977935
14.141832,17,1995.708652
15.307847,17,1996.371325
15.16179,17,1997.110759
11.412148,14,1997.66226
14.606234,17,1998.348371
12.342465,15,1998.937474
11.845308,14,1999.502029
14.16961,17,2000.136565
15.16179,17,2008.955653
15.23563,17,2009.622698
13.174551,16,2010.252824
14.634012,17,2011.026308
12.661394,17,2011.699537
14.197388,17,2012.423753
14.634012,17,2013.097283
13.662776,17,2013.778423
14.550679,17,2014.496032
14.66179,17,2015.194759
14.352661,17,2015.892767
15.189568,17,2016.599603
14.197388,17,2017.299072
15.106234,17,2018.022299
13.597727,17,2018.781924
14.197388,17,2029.128273
13.551665,17,2029.864454
14.652296,17,2030.587196
14.225165,17,2031.312066
14.16961,17,2032.039315
14.578457,17,2032.726461
15.23563,17,2033.440875
15.215723,17,2034.154537
13.773887,17,2034.829041
13.773887,17,2035.499108
13.746109,17,2036.166045
15.078457,17,2036.82438
13.819949,17,2037.487091
7.509132,9,2037.844148
15.23563,17,2038.565562
14.660168,17,2039.24861
14.550679,17,2048.241818
14.66179,17,2048.959198
15.23563,17,2049.678238
14.558499,17,2050.402319
15.207852,17,2051.094179
13.819949,17,2051.757335
14.606234,17,2052.502172
15.189568,17,2053.279849
15.280069,17,2053.973739
14.939568,17,2054.708376
14.624518,17,2055.409906
13.846104,17,2056.150892
14.855957,17,2056.836166
15.189568,17,2058.641268
14.197388,17,2059.310784
11.642019,14,2067.842771
14.745123,17,2068.50013
13.946736,16,2069.140856
15.307847,17,2069.938157
13.746109,17,2070.627437
15.23563,17,2071.289076
15.134012,17,2072.017557
14.549005,17,2072.762957
15.391172,17,2073.403874
15.207852,17,2074.103201
14.391832,17,2074.767254
14.48563,17,2075.461273
14.652296,17,2076.205794
11.35537,14,2076.806573
14.530721,17,2077.456699
14.197388,17,2086.24154
10.967704,13,2086.811419
14.828457,17,2087.476229
13.792171,17,2088.170067
14.160116,17,2088.981626
14.634012,17,2089.687525
15.280069,17,2091.54446
15.335624,17,2092.208524
14.16961,17,2092.900577
11.911394,17,2093.60958
14.197388,17,2094.313587
14.680074,17,2094.993443
14.346413,17,2095.69519
15.207852,17,2096.376804
11.524864,14,2096.884788
14.160116,17,2097.566667
15.207852,17,2106.293992
15.207852,17,2106.970767
13.662776,17,2107.660877
13.773887,17,2108.430616
14.606234,17,2109.227937
13.662776,17,2109.887653
14.225165,17,2110.545219
12.995482,16,2111.213471
15.160168,17,2111.920734
11.965327,17,2112.546138
13.892546,17,2113.234894
15.224513,17,2113.913087
15.049057,17,2114.575367
12.123845,17,2115.263658
15.215723,17,2116.033886
15.207852,17,2125.813777
12.522458,17,2126.487373
14.364054,17,2127.223545
10.963018,13,2127.733589
14.800679,17,2128.47001
15.23563,17,2129.137452
13.772265,17,2129.860705
13.746109,17,2130.552641
15.16179,17,2131.212513
15.207852,17,2131.896873
14.197388,17,2132.560633
12.633616,17,2133.281045
14.772901,17,2133.983429
14.606234,17,2134.633017
14.995123,17,2135.30507
14.634012,17,2143.861246
14.717346,17,2144.543749
14.197388,17,2145.286425
12.724117,17,2145.956288
14.364054,17,2146.670973
15.152296,17,2147.398001
15.307847,17,2148.139452
13.995482,17,2148.84379
15.335624,17,2149.542026
15.189568,17,2150.309386
11.049815,13,2150.855222
14.634012,17,2151.49143
14.856234,17,2152.14138
14.634012,17,2152.87212
14.634012,17,2153.545924
15.189568,17,2154.271289
14.91179,17,2164.25777
12.161394,17,2164.985586
14.652296,17,2165.752056
14.634012,17,2166.439736
13.746109,17,2167.159164
11.467622,15,2167.782551
14.634012,17,2168.427602
13.579443,17,2169.106964
14.761785,17,2169.81132
14.225165,17,2170.458792
14.578457,17,2171.15048
13.975165,17,2171.867855
14.634012,17,2172.597141
14.965723,17,2173.311679
15.23563,17,2174.043317
15.307847,17,2182.699177
14.606234,17,2183.382143
14.745123,17,2184.073535
15.16179,17,2184.732042
13.746109,17,2185.447399
14.197388,17,2186.099371
14.197388,17,2186.732131
14.197388,17,2187.425907
12.835229,17,2188.182664
10.707405,14,2188.823738
14.856234,17,2189.486196
14.446736,16,2190.191476
12.4019,17,2192.126155
15.207852,17,2192.854939
14.715723,17,2193.619244
15.013407,17,2202.375688
13.792171,17,2203.030912
14.707852,17,2203.827988
14.578457,17,2204.501355
12.207456,17,2205.171187
15.335624,17,2205.86162
12.066667,17,2206.537475
10.624071,14,2207.092036
14.141832,17,2207.842766
14.606234,17,2208.52311
11.883616,17,2209.193737
14.16961,17,2209.861865
15.234007,17,2210.614203
14.606234,17,2211.434978
14.652296,17,2212.272388
14.225165,17,2220.936979
14.634012,17,2221.71414
14.197388,17,2222.389853
11.994727,17,2223.151674
14.967346,17,2223.793188
13.746109,17,2225.818406
15.207852,17,2226.500943
13.819949,17,2227.215752
15.307847,17,2227.933899
13.974513,16,2228.541117
14.114054,17,2229.254385
13.819949,17,2229.970454
15.335624,17,2230.627659
14.66179,17,2231.297209
14.818963,17,2231.997584
14.16961,17,2240.926934
13.662776,17,2241.602273
14.558499,17,2242.275794
15.307847,17,2242.985588
15.207852,17,2243.642854
14.66179,17,2244.398781
12.707456,17,2245.05783
14.939568,17,2245.768258
14.225165,17,2246.485057
13.60722,17,2247.189198
14.717346,17,2247.927481
14.634012,17,2248.625361
15.335624,17,2249.331213
12.432785,15,2249.948511
14.707852,17,2250.62788
14.707852,17,2251.367054
15.335624,17,2261.036767
13.801665,17,2261.696213
14.707852,17,2262.400941
14.475165,17,2263.101247
13.819949,17,2263.771044
13.690554,17,2264.50234
14.687945,17,2265.239767
10.389513,15,2265.831436
15.307847,17,2266.53379
13.662776,17,2267.259917
14.707852,17,2268.004169
14.800679,17,2268.668346
15.022901,17,2269.336906
14.114054,17,2270.022857
15.207852,17,2270.733438
15.335347,17,2280.05883
14.371222,17,2280.708621
10.697888,13,2281.242687
14.530721,17,2281.979193
14.707852,17,2282.651788
15.234007,17,2283.311007
14.114054,17,2284.005182
14.761785,17,2284.753804
14.66179,17,2285.455204
13.847727,17,2286.185403
14.780069,17,2286.929093
14.197388,17,2287.59527
10.679627,14,2288.129944
15.134012,17,2288.851991
14.197388,17,2289.534228
14.197388,17,2299.639869
14.215672,17,2300.330193
13.792171,17,2301.007797
14.632338,17,2301.682323
14.269605,17,2302.416367
15.252291,17,2303.068414
14.706229,17,2303.751995
13.718331,17,2304.432814
14.680074,17,2305.12751
13.773887,17,2305.825981
15.289563,17,2306.491111
14.634012,17,2307.180532
14.634012,17,2307.854238
15.207852,17,2308.568097
10.679627,14,2309.164898
12.668562,17,2309.978473
15.23563,17,2318.718523
14.634012,17,2319.373779
14.348866,17,2320.082983
13.718331,17,2320.880674
14.586277,17,2321.564196
14.780069,17,2322.230814
12.050283,17,2322.893898
14.32516,17,2323.584798
14.634012,17,2325.301501
15.307847,17,2325.964062
13.690554,17,2326.606653
14.446736,16,2327.258452
15.335624,17,2327.939284
14.707852,17,2328.629408
14.66179,17,2329.350777
14.66179,17,2338.059692
14.225165,17,2338.768477
14.967346,17,2339.535093
14.271227,17,2340.262878
12.105839,17,2340.915689
14.652296,17,2341.634005
15.16179,17,2342.261414
14.195765,17,2342.96568
14.680074,17,2343.631233
15.23563,17,2344.392381
14.734007,17,2345.107669
14.717068,17,2345.742305
12.494727,17,2346.4509
13.690554,17,2347.111701
13.217622,17,2347.791786
14.271227,17,2356.543037
10.346294,14,2357.171402
14.856234,17,2359.149649
14.680074,17,2359.859965
14.141832,17,2360.551379
14.243449,17,2361.233313
14.652296,17,2362.027247
14.828457,17,2362.783268
15.335624,17,2363.483621
14.558499,17,2364.159711
14.807847,17,2364.819552
14.371222,17,2365.508019
14.215672,17,2366.206437
13.690554,17,2366.88281
14.634012,17,2367.607672
15.335624,17,2376.472507
15.307847,17,2377.128453
14.364054,17,2377.779672
12.207456,17,2378.523665
14.967346,17,2379.311228
12.096345,17,2380.072788
15.280069,17,2380.73431
14.856234,17,2381.391081
14.66179,17,2382.09729
12.124123,17,2382.761225
11.065504,16,2383.460074
14.624518,17,2384.156839
14.652296,17,2384.884964
13.912545,17,2385.537789
14.66179,17,2386.240898
15.207852,17,2396.293869
15.335624,17,2396.992997
15.335624,17,2397.651028
13.82782,17,2398.33976
12.485234,17,2399.003164
14.856234,17,2399.70969
15.307847,17,2400.454636
14.41961,17,2401.118256
15.335624,17,2401.919318
14.215672,17,2402.639535
14.243449,17,2403.328036
14.271227,17,2404.062186
14.606234,17,2404.742407
14.652296,17,2405.469999
14.995123,17,2406.146697
12.307451,17,2415.352323
14.343444,17,2416.108122
15.180074,17,2416.879786
13.847727,17,2417.560427
15.307847,17,2418.288414
14.243449,17,2419.019592
13.764393,17,2419.756842
13.718331,17,2420.440185
14.596741,17,2421.200567
13.764393,17,2421.895961
15.23563,17,2422.662897
14.446736,16,2423.330801
13.764393,17,2424.053253
13.764393,17,2425.98348
15.207852,17,2426.710954
11.929678,17,2435.557196
14.605525,17,2436.2824
14.271227,17,2436.996898
14.680074,17,2437.775575
14.243449,17,2438.533594
15.307847,17,2439.328277
14.297383,17,2440.000882
13.773887,17,2440.780154
14.279099,17,2441.463831
14.707852,17,2442.181925
15.335624,17,2442.864869
12.068567,17,2443.575089
14.680074,17,2444.324708
15.335624,17,2445.02289
12.640784,17,2445.733541
14.66179,17,2454.829654
12.124123,17,2455.568505
12.168562,17,2456.252508
14.271227,17,2457.042141
12.251895,17,2457.675796
14.418958,16,2459.596756
13.850839,17,2460.447344
14.707852,17,2461.398566
14.761785,17,2462.386101
13.947722,17,2464.28589
14.216636,17,2465.935059
14.197388,17,2467.15097
13.792171,17,2468.09712
13.873882,17,2468.942552
13.947722,17,2469.827734
11.647781,14,2470.514059
14.586277,17,2480.512644
14.734007,17,2481.256579
13.690554,17,2482.055624
15.307847,17,2482.749689
14.297383,17,2483.442592
14.271227,17,2484.181735
14.271227,17,2484.864042
14.652296,17,2485.572577
13.846104,17,2486.283044
14.271227,17,2486.920758
14.243449,17,2487.614156
15.335624,17,2488.338101
13.167579,17,2489.088106
13.690554,17,2489.817449
14.243449,17,2490.545711
14.634012,17,2500.519093
12.779673,17,2501.196235
15.335624,17,2501.896554
15.335624,17,2502.618641
14.197388,17,2503.280582
14.76336,17,2504.134979
12.124123,17,2504.787907
14.550679,17,2505.527535
15.189568,17,2506.30746
14.187894,17,2507.030091
13.718331,17,2507.729192
14.197388,17,2508.42656
13.994152,17,2509.200265
14.297383,17,2509.946495
14.568963,17,2510.729348
14.715723,17,2519.393429
11.985234,17,2520.097472
15.363402,17,2520.845832
15.335624,17,2521.592641
14.680074,17,2522.378769
14.707852,17,2523.065743
15.16179,17,2523.767582
14.391832,17,2525.667536
15.261785,17,2526.332348
13.690554,17,2526.984903
14.243449,17,2527.680939
14.215672,17,2528.428648
15.335624,17,2529.096261
15.307847,17,2529.763983
14.41961,17,2530.419632
15.335624,17,2539.296072
13.746109,17,2540.046562
15.307847,17,2540.725835
10.980107,13,2541.317928
15.335624,17,2542.025471
14.606234,17,2542.812246
15.335624,17,2543.520138
14.371222,17,2544.238909
15.26336,17,2544.909996
13.847727,17,2545.570606
14.475165,17,2546.256347
12.068567,17,2546.96593
13.819949,17,2547.717323
15.335624,17,2548.3947
14.807847,17,2549.113749
15.335624,17,2557.734573
14.195765,17,2559.625807
15.335624,17,2560.357978
12.807451,17,2561.112565
14.343444,17,2561.818266
12.168562,17,2562.482649
15.390903,17,2563.245072
14.14021,17,2563.944345
14.343444,17,2564.594378
14.707852,17,2565.295986
14.243449,17,2566.013379
13.947722,17,2566.710487
12.113006,17,2567.39747
15.307847,17,2568.090876
15.307847,17,2568.846209
14.634012,17,2578.24402
14.41012,16,2579.097626
13.946736,16,2579.926113
14.780069,17,2580.708851
14.800679,17,2581.639643
14.680074,17,2582.635408
14.343444,17,2583.507685
10.975666,13,2584.10185
14.752291,17,2584.850303
12.022505,17,2585.709951
14.624518,17,2586.524499
14.724513,17,2587.351142
14.418958,16,2588.080727
13.855598,17,2588.901906
14.558499,17,2589.726616
14.606234,17,2590.628571
13.736615,17,2599.473536
14.371222,17,2599.856922
13.773887,17,2600.2678
14.807847,17,2600.636957
15.280069,17,2601.128921
15.335624,17,2601.549255
15.335624,17,2601.929708
11.929678,17,2602.303561
15.335624,17,2602.680116
14.225165,17,2603.052888
14.429741,17,2603.426858
13.690554,17,2603.803463
14.141832,17,2604.171443
13.746109,17,2604.550567
13.60722,17,2604.893561
12.224117,17,2611.330585
15.307847,17,2611.735108
14.371222,17,2612.130253
13.801665,17,2612.482631
13.591545,16,2612.807056
15.335624,17,2613.193255
14.856234,17,2613.563212
15.307847,17,2613.930887
12.068567,17,2614.301067
14.807847,17,2614.700615
14.391832,17,2615.118417
13.690554,17,2615.575543
14.343444,17,2616.015646
15.280069,17,2616.449106
14.828457,17,2616.852227
9.827378,14,2623.342606
14.66179,17,2623.790441
15.307847,17,2624.198431
13.773887,17,2624.629598
15.307847,17,2626.214711
14.634012,17,2626.638506
14.807847,17,2627.081851
14.687945,17,2627.552631
15.335624,17,2627.987423
15.307847,17,2628.41294
15.23563,17,2628.833944
14.707852,17,2629.251837
15.280069,17,2629.707611
14.687945,17,2630.121657
9.056949,12,2630.4143
14.16961,17,2637.268249
14.114054,17,2637.709247
14.66179,17,2638.178483
12.890784,17,2638.603328
14.856234,17,2639.013729
13.947722,17,2639.450751
14.800679,17,2639.854991
12.050283,17,2640.269665
13.127248,17,2640.685791
14.734007,17,2641.094079
13.746109,17,2641.508811
14.606234,17,2641.915155
12.668562,17,2642.345993
14.371222,17,2642.743028
13.919944,17,2643.16786
14.680074,17,2649.893426
14.343444,17,2650.31107
14.634012,17,2650.724345
14.807847,17,2651.130573
14.707852,17,2651.616515
14.558499,17,2652.016126
14.967346,17,2652.420532
14.856234,17,2652.853506
15.335624,17,2653.285634
14.596741,17,2653.712333
13.819949,17,2654.125834
15.022901,17,2654.537705
14.66179,17,2654.957168
12.224117,17,2655.366276
14.780069,17,2655.790692
15.307847,17,2663.577705
14.502943,17,2664.001407
14.447388,17,2664.459875
15.335624,17,2664.881882
10.679627,14,2665.246263
14.343444,17,2665.658643
15.022901,17,2666.075659
15.280069,17,2666.468786
15.335624,17,2666.905299
13.801665,17,2667.320546
15.307847,17,2667.735169
15.307847,17,2668.174154
14.687945,17,2668.591928
14.447388,17,2668.997629
13.919944,17,2669.409002
11.993105,17,2669.826681
15.013407,17,2676.549313
14.586277,17,2676.981918
13.68106,17,2677.414073
15.234007,17,2677.823745
14.076783,17,2678.223843
14.530721,17,2678.644131
14.752291,17,2679.059239
14.271227,17,2679.485438
14.225165,17,2679.893043
14.680074,17,2680.331202
14.596741,17,2680.755795
13.947722,17,2681.175941
14.391832,17,2681.595361
14.780069,17,2682.012105
10.993337,13,2682.336221
15.335624,17,2689.088766
14.807847,17,2689.506108
14.752291,17,2689.92047
14.475165,17,2690.344146
15.307847,17,2690.760715
14.780069,17,2691.169086
14.132074,17,2692.72677
14.780069,17,2693.171366
12.076438,17,2693.569938
14.715723,17,2693.969542
14.141832,17,2694.390748
15.234007,17,2694.813146
10.651849,14,2695.169852
12.085229,17,2695.590731
15.307847,17,2696.037951
13.736615,17,2702.746313
14.780069,17,2703.175647
14.715723,17,2703.585799
14.343444,17,2703.998254
14.807847,17,2704.40737
15.307847,17,2704.838327
13.819949,17,2705.242691
14.252943,17,2705.665777
14.652296,17,2706.075842
13.819949,17,2706.491623
14.995123,17,2706.953001
14.502943,17,2707.358085
12.19634,17,2707.776731
15.307847,17,2708.18556
14.187894,17,2708.612248
14.64118,17,2715.318276
15.013407,17,2715.756437
14.634012,17,2716.182869
12.040789,17,2716.613131
14.707852,17,2717.024738
15.23563,17,2717.464201
14.995123,17,2717.871095
14.114054,17,2718.29286
14.967346,17,2718.719902
15.335624,17,2719.153784
12.066945,17,2719.582603
14.752291,17,2720.00403
11.735845,14,2720.338085
15.335624,17,2720.761754
14.807847,17,2721.18054
15.335624,17,2729.090723
12.085229,17,2729.520791
12.131994,17,2729.935677
15.335624,17,2730.380691
14.752291,17,2730.807807
14.315667,17,2731.201444
13.792171,17,2731.609234
14.696736,17,2732.018868
14.680074,17,2732.427916
14.343444,17,2732.864893
14.424753,17,2733.304504
15.335624,17,2733.719101
14.91179,17,2734.125522
13.946736,16,2734.524436
14.447388,17,2734.95336
13.947722,17,2735.356632
14.122896,17,2741.722294
13.800042,17,2742.101816
13.919944,17,2742.569279
13.773887,17,2743.041678
14.475165,17,2743.43718
14.64118,17,2743.853287
14.780069,17,2744.223185
14.939568,17,2744.839382
15.280069,17,2745.331403
14.752291,17,2745.845373
15.307847,17,2746.323978
12.19634,17,2746.790676
15.280069,17,2747.23386
14.371222,17,2747.649878
12.140784,17,2748.067389
15.335624,17,2755.869761
14.800679,17,2756.309612
13.68106,17,2756.7202
14.371222,17,2757.100744
15.022901,17,2757.495678
15.280069,17,2757.858127
14.141729,17,2758.232909
14.475165,17,2759.785894
14.724513,17,2760.158255
14.696736,17,2760.585407
14.884012,17,2760.947492
14.596741,17,2761.388192
15.335624,17,2761.790532
14.32516,17,2762.198171
14.315667,17,2762.613795
14.91179,17,2769.580238
14.343444,17,2770.030811
12.585229,17,2770.521226
13.919944,17,2770.883481
12.224117,17,2771.236528
14.707852,17,2771.596857
14.967346,17,2771.955998
14.41961,17,2772.320656
14.800679,17,2772.67625
13.892166,17,2773.062921
14.371222,17,2773.43095
14.343444,17,2773.796798
14.995123,17,2774.193197
15.307847,17,2774.554085
10.76296,14,2774.850158
14.807847,17,2781.432173
13.892166,17,2781.791749
14.807847,17,2782.147531
12.224117,17,2782.494173
15.307847,17,2782.878284
14.939568,17,2783.259091
14.807847,17,2783.640998
14.807847,17,2784.004629
14.586277,17,2784.372643
14.343444,17,2784.732381
13.892166,17,2785.08013
13.773887,17,2785.460364
15.335624,17,2785.912517
14.680074,17,2786.264606
10.160926,12,2786.517989
10.790738,14,2794.380345
15.335624,17,2794.765524
14.884012,17,2795.126025
15.335624,17,2795.487666
15.307847,17,2795.869539
12.140784,17,2796.242552
14.884012,17,2796.613319
14.343444,17,2796.981986
14.752291,17,2797.345887
14.343444,17,2797.719912
14.251321,17,2798.086775
12.057451,17,2798.458956
14.315667,17,2798.831576
14.297383,17,2799.184465
14.187894,17,2799.542442
13.947722,17,2799.922404
14.66179,17,2806.306616
14.343444,17,2806.667478
14.586277,17,2807.044685
15.335624,17,2807.424783
14.807847,17,2807.774408
13.542171,17,2808.151539
13.947722,17,2808.502917
15.307847,17,2808.924421
12.140784,17,2809.374073
14.680074,17,2809.722483
15.307847,17,2810.101123
15.335624,17,2810.469692
14.64118,17,2810.822287
14.807847,17,2811.193285
13.800042,17,2811.546556
12.040789,17,2817.934945
13.634998,17,2818.306878
15.307847,17,2818.684294
14.343444,17,2819.062741
14.780069,17,2819.431807
14.391832,17,2819.839159
15.335624,17,2820.221445
13.801665,17,2820.666611
15.335624,17,2821.123768
15.307847,17,2821.638939
14.856234,17,2822.088624
14.807847,17,2822.530463
14.807847,17,2822.90651
13.947722,17,2823.277254
15.307847,17,2823.730165
14.447388,17,2831.435505
15.280069,17,2831.814002
14.447388,17,2832.186282
13.736615,17,2832.563408
15.335624,17,2832.939636
14.91179,17,2833.302676
15.335624,17,2833.676831
14.197388,17,2834.029018
14.660168,17,2834.40737
11.014254,13,2834.67133
12.613006,17,2835.04119
14.086277,17,2835.40682
13.947722,17,2835.772618
15.307847,17,2836.146227
15.307847,17,2836.538219
14.884012,17,2843.202309
14.141832,17,2843.575584
10.689926,13,2843.873889
13.662776,17,2844.2391
14.752291,17,2844.587747
15.252291,17,2844.945557
15.335624,17,2845.311095
15.335624,17,2845.658738
14.884012,17,2846.035589
13.68106,17,2846.404783
14.828457,17,2846.750047
14.874518,17,2847.123912
14.995123,17,2847.515964
14.828457,17,2847.898125
14.752291,17,2848.260873
14.271227,17,2854.786396
13.634998,17,2855.168121
14.780069,17,2855.544068
15.280069,17,2855.907116
14.91179,17,2856.269538
14.287889,17,2856.651141
14.475165,17,2857.01887
14.995123,17,2857.395378
15.280069,17,2857.776787
14.828457,17,2858.163172
15.095118,17,2858.521195
15.307847,17,2860.07048
14.752291,17,2860.440931
14.096413,17,2860.823217
14.937945,17,2861.178571
14.91179,17,2867.721771
13.946736,16,2868.067606
13.746109,17,2868.448946
14.752291,17,2868.812284
14.780069,17,2869.179325
14.447388,17,2869.54511
15.252291,17,2869.918837
15.335624,17,2870.366877
11.821384,14,2870.678931
14.530721,17,2871.050004
14.707852,17,2871.495281
14.780069,17,2871.859576
14.780069,17,2872.234276
15.307847,17,2872.606582
14.856234,17,2872.95127
14.884012,17,2873.313933
14.752291,17,2879.89413
14.530721,17,2880.264724
15.307847,17,2880.625992
15.280069,17,2880.976855
13.634998,17,2881.374456
14.447388,17,2881.726496
15.335624,17,2882.090909
14.475165,17,2882.461576
15.280069,17,2882.814822
14.91179,17,2883.222374
14.364054,17,2883.593602
14.884012,17,2883.968889
13.773887,17,2884.317503
13.801665,17,2884.675465
15.307847,17,2885.055593
14.91179,17,2891.432836
14.578457,17,2891.811214
14.467346,17,2893.334983
14.585624,17,2893.682013
15.335624,17,2894.058882
15.307847,17,2894.426756
13.947722,17,2894.885172
13.947722,17,2895.248145
14.995123,17,2895.67079
14.371222,17,2896.054466
14.780069,17,2896.408919
15.16179,17,2896.799122
14.252943,17,2897.15481
14.807847,17,2897.509114
14.965723,17,2897.91334
15.307847,17,2904.31208
14.25313,17,2904.691108
15.335624,17,2905.071932
14.287889,17,2905.435632
14.475165,17,2905.778866
14.391832,17,2906.208552
14.475165,17,2906.62808
14.475165,17,2906.985819
14.586277,17,2907.365476
14.475165,17,2907.706276
14.856234,17,2908.075618
14.41961,17,2908.465799
14.66179,17,2908.828065
14.315667,17,2909.185744
14.717346,17,2909.550207
12.140784,17,2916.081127
13.773887,17,2916.447653
13.947722,17,2916.808025
14.995123,17,2917.158775
15.280069,17,2917.512209
15.307847,17,2917.89355
14.447388,17,2918.269752
14.91179,17,2918.664053
14.856234,17,2919.053708
15.307847,17,2919.461612
14.91179,17,2919.828403
12.168562,17,2920.197284
14.371222,17,2920.560675
14.371222,17,2920.950453
15.022901,17,2921.300457
15.280069,17,2929.050159
15.307847,17,2929.426729
14.91179,17,2929.797785
15.335624,17,2930.163016
14.828457,17,2930.517507
15.307847,17,2930.923413
14.91179,17,2931.279166
13.744487,17,2931.630967
15.335624,17,2932.012154
13.718331,17,2932.368758
15.307847,17,2932.730099
14.696736,17,2933.097411
14.856234,17,2933.472367
14.66179,17,2933.857419
14.475165,17,2934.228377
14.884012,17,2940.736231
14.343444,17,2941.088952
14.180411,17,2941.45574
13.634998,17,2941.805303
14.884012,17,2942.178039
15.363402,17,2942.544507
13.773887,17,2942.896332
14.606234,17,2943.257037
14.391832,17,2943.59742
13.773887,17,2944.022537
12.19634,17,2944.407675
14.41961,17,2944.763829
14.39118,16,2945.109944
10.707405,14,2945.428296
14.586277,17,2945.769869
15.280069,17,2952.186705
14.41961,17,2952.55586
14.745123,17,2952.898913
14.91179,17,2953.273307
14.558499,17,2953.643439
14.884012,17,2954.012576
15.335624,17,2954.363411
12.022505,17,2954.72697
14.271227,17,2955.120846
13.579443,17,2955.487817
14.586277,17,2955.872046
14.515151,17,2956.223333
13.662776,17,2956.577399
15.335624,17,2956.963059
14.967346,17,2957.31677
14.660168,17,2965.039669
14.530721,17,2965.406226
14.91179,17,2965.784165
15.307847,17,2966.175813
14.752291,17,2966.53582
12.640784,17,2966.893345
14.696736,17,2967.262672
14.41961,17,2967.673554
14.447388,17,2968.103966
14.884012,17,2968.54348
14.447388,17,2968.902098
13.634998,17,2969.272273
15.307847,17,2969.642801
14.884012,17,2969.986501
14.91179,17,2970.349256
14.513407,17,2976.644826
13.764393,17,2976.992879
13.064309,17,2977.377582
14.780069,17,2977.740396
14.167988,17,2978.116535
13.801665,17,2978.492243
11.801932,14,2978.78061
14.995123,17,2979.144108
12.168562,17,2979.533577
12.640784,17,2979.876615
14.967346,17,2980.300975
14.287889,17,2980.699487
14.475165,17,2981.080573
15.335624,17,2981.524485
15.307847,17,2981.932456
12.668562,17,2982.383906
14.807847,17,2989.219688
14.91179,17,2989.67961
14.558499,17,2990.116134
14.447388,17,2990.517345
11.828815,14,2990.878587
14.680074,17,2991.287764
13.801665,17,2991.72423
13.690554,17,2992.192996
14.772901,17,2993.815848
13.625504,17,2994.235556
14.558499,17,2994.652124
15.335624,17,2995.09557
15.307847,17,2995.503159
13.947722,17,2995.872678
11.508086,14,2996.248789
12.251895,17,3002.855305
14.884012,17,3003.238807
12.19634,17,3003.5956
15.335624,17,3003.989435
14.371222,17,3004.396574
15.307847,17,3004.762947
15.23563,17,3005.122189
14.807847,17,3005.488889
14.884012,17,3005.867576
14.91179,17,3006.243691
13.801665,17,3006.587475
12.168562,17,3006.947011
14.634012,17,3007.336094
15.307847,17,3007.712177
13.718331,17,3008.06114
14.91179,17,3014.299547
14.828457,17,3014.667979
14.371222,17,3015.02822
14.884012,17,3015.409391
14.967346,17,3015.748161
15.335624,17,3016.130731
13.746109,17,3016.497883
14.260111,17,3016.851744
14.447388,17,3017.205638
14.447388,17,3017.591553
15.335624,17,3017.969172
15.280069,17,3018.356634
13.60722,17,3018.719158
13.947722,17,3019.074915
14.475165,17,3019.458388
14.530069,17,3027.296341
14.846741,17,3027.680614
15.280069,17,3028.109781
13.947722,17,3028.54746
13.579443,17,3028.950578
14.391832,17,3029.40393
11.523259,14,3029.714249
15.280069,17,3030.119633
15.057847,17,3030.534642
13.801665,17,3030.978211
14.530721,17,3031.423817
15.307847,17,3031.850504
14.475165,17,3032.25205
14.447388,17,3032.695028
14.884012,17,3033.077524
14.91179,17,3039.784251
12.568567,17,3040.154319
14.967346,17,3040.519006
14.447388,17,3040.857925
14.967346,17,3041.259527
14.475165,17,3041.717711
14.447388,17,3042.154947
15.335624,17,3042.563847
14.715723,17,3042.978233
14.576783,17,3043.427551
14.447388,17,3043.828607
14.336277,17,3044.286831
14.447388,17,3044.659591
14.558499,17,3045.033037
14.724513,17,3045.469281
14.475165,17,3052.248668
14.91179,17,3052.624835
13.947722,17,3052.992
15.23563,17,3053.35442
14.884012,17,3053.717189
15.168958,17,3054.073874
14.884012,17,3054.446121
14.91179,17,3054.820048
14.586277,17,3055.191919
14.652296,17,3055.555629
14.475165,17,3055.931675
13.579443,17,3056.295471
14.939568,17,3056.644371
14.634012,17,3057.01146
15.335624,17,3057.383564
12.001895,17,3065.287429
14.558499,17,3065.656306
15.057847,17,3066.030207
14.606234,17,3066.420197
15.307847,17,3066.779558
13.125504,17,3067.123938
12.44634,17,3067.638911
14.856234,17,3068.109812
15.022901,17,3068.595333
15.307847,17,3069.120607
13.662776,17,3069.703203
14.447388,17,3070.933885
15.335624,17,3071.48139
14.856234,17,3071.944038
14.884012,17,3072.526164
14.995123,17,3080.280842
14.586277,17,3080.655994
11.957456,17,3081.038635
14.828457,17,3081.390296
14.613402,17,3081.838505
14.724513,17,3082.266383
12.085229,17,3082.822523
14.447388,17,3083.252937
15.068963,17,3083.650782
15.280069,17,3084.088104
15.307847,17,3084.525547
14.586277,17,3084.939658
15.280069,17,3085.338223
14.91179,17,3085.702816
13.829443,17,3086.074015
11.467704,14,3086.383186
14.780069,17,3094.818968
15.022901,17,3095.232571
12.168562,17,3095.68645
14.91179,17,3096.169281
13.801665,17,3096.56445
14.502943,17,3096.973672
12.1519,17,3097.379846
15.335624,17,3097.852134
14.586277,17,3098.308073
13.718331,17,3098.769827
15.335624,17,3099.199341
14.91179,17,3099.643251
15.307847,17,3100.005724
14.91179,17,3100.391018
15.168958,17,3100.751477
15.335624,17,3107.18388
13.151087,17,3107.539337
13.947722,17,3107.914134
13.662776,17,3108.289087
13.634998,17,3108.645814
14.91179,17,3109.060445
14.856234,17,3109.425887
14.884012,17,3109.804451
14.884012,17,3110.178726
15.335624,17,3110.528437
14.586277,17,3110.890006
10.940821,13,3111.181227
13.690554,17,3111.537097
15.335624,17,3111.924112
15.335624,17,3112.281005
13.919944,17,3118.796074
15.335624,17,3119.15155
12.19634,17,3119.507429
15.022901,17,3119.876729
13.947722,17,3120.258192
14.343444,17,3120.64274
14.558499,17,3121.087034
14.586277,17,3121.478301
15.335624,17,3121.85602
15.022901,17,3122.219295
12.140784,17,3122.581788
15.335624,17,3122.943387
15.335624,17,3123.314875
14.30915,17,3123.678383
12.835229,17,3124.034899
14.447388,17,3131.91035
12.585229,17,3132.261448
14.32516,17,3132.656672
14.475165,17,3133.017374
14.371222,17,3133.384117
14.502943,17,3133.753844
15.335624,17,3134.118482
14.114054,17,3134.475626
15.307847,17,3134.848146
15.335624,17,3135.21462
13.690554,17,3135.590509
12.113006,17,3135.956976
12.140784,17,3136.319832
13.662776,17,3136.701215
15.335624,17,3137.047369
15.335624,17,3143.425423
15.113402,17,3143.805369
15.168958,17,3144.199988
15.307847,17,3144.558957
14.634012,17,3144.91217
15.335624,17,3145.28336
15.14118,17,3145.648502
13.829443,17,3146.023034
14.343444,17,3146.404961
14.529099,17,3146.756252
13.947722,17,3147.156761
12.113006,17,3147.513244
15.307847,17,3147.871035
14.260111,17,3148.232046
14.939568,17,3148.595418
12.168562,17,3154.957883
12.668562,17,3155.328784
14.856234,17,3155.691219
14.884012,17,3156.056981
15.335624,17,3156.437792
13.919944,17,3156.925203
14.856234,17,3157.303788
14.884012,17,3157.687292
15.335624,17,3158.056124
15.307847,17,3158.423091
15.307847,17,3158.810568
15.335624,17,3159.173558
15.057847,17,3160.764512
14.884012,17,3161.152732
11.013622,13,3161.430595
14.930074,17,3161.837208
14.287889,17,3168.254183
12.168562,17,3168.616433
14.91179,17,3168.982899
14.715723,17,3169.336741
14.780069,17,3169.693691
14.884012,17,3170.090765
15.335624,17,3170.441841
14.41961,17,3170.80889
12.356511,16,3171.148377
15.307847,17,3171.516837
12.057451,17,3171.88446
13.919944,17,3172.216355
15.23563,17,3172.585269
14.371222,17,3172.935265
15.280069,17,3173.286422
14.364054,17,3179.517043
14.91179,17,3179.867669
14.558499,17,3180.215351
14.884012,17,3180.569407
14.634012,17,3180.940125
15.335624,17,3181.361069
13.744487,17,3181.712061
14.752291,17,3182.182878
15.335624,17,3182.52431
14.66179,17,3182.864896
15.307847,17,3183.212723
12.19634,17,3183.555826
14.475165,17,3183.909368
14.364054,17,3184.253705
14.884012,17,3184.59768
14.884012,17,3191.066514
14.724513,17,3191.443504
13.773887,17,3191.806395
14.91179,17,3192.176558
14.41961,17,3192.528518
15.307847,17,3194.164408
15.307847,17,3194.553243
15.335624,17,3194.941261
15.252291,17,3195.311902
13.746109,17,3195.702068
13.90166,17,3196.077523
14.447388,17,3196.44643
14.343444,17,3196.854251
11.985234,17,3197.249714
14.447388,17,3197.626076
14.391832,17,3204.20528
14.585624,17,3204.546922
14.884012,17,3204.915171
14.634012,17,3205.277658
15.307847,17,3205.623429
14.41961,17,3205.982534
15.307847,17,3206.389884
12.168562,17,3206.755447
14.856234,17,3207.131178
14.846741,17,3207.489924
15.335624,17,3207.865232
13.661154,17,3208.225291
12.19634,17,3208.581199
14.558499,17,3208.949095
15.335624,17,3209.310909
14.502943,17,3215.413579
15.307847,17,3215.774696
15.307847,17,3216.179562
11.994727,17,3216.55997
14.930074,17,3216.92678
14.447388,17,3217.317846
14.447388,17,3217.662043
15.307847,17,3218.049491
14.689568,17,3218.397689
14.91179,17,3218.8181
14.930074,17,3219.203441
14.586277,17,3219.574956
14.475165,17,3219.950042
10.63437,13,3220.227165
13.847727,17,3220.581004
13.708838,17,3228.259908
14.41961,17,3228.663076
14.807847,17,3229.05375
14.91179,17,3229.424611
13.918901,17,3229.808235
15.335624,17,3230.228803
15.335624,17,3230.629163
13.579443,17,3231.014695
15.363355,17,3231.384449
15.022901,17,3231.774407
12.168562,17,3232.137454
15.307847,17,3232.516421
14.613402,17,3232.877037
14.780069,17,3233.238395
14.41961,17,3233.580654
14.530721,17,3239.797063
14.64118,17,3240.197229
13.801665,17,3240.645141
14.41961,17,3241.042511
14.91179,17,3241.38556
14.447388,17,3241.7425
15.057847,17,3242.092938
14.780069,17,3242.429873
14.874518,17,3242.799947
14.447388,17,3243.160438
14.995123,17,3243.515702
13.634998,17,3243.870419
14.558499,17,3244.257748
14.447388,17,3244.626962
14.995123,17,3244.968403
14.807847,17,3251.407603
15.335624,17,3251.75994
15.002291,17,3252.137484
14.391832,17,3252.4867
14.447388,17,3252.855624
13.919944,17,3253.250478
15.335624,17,3253.610873
14.884012,17,3253.967083
15.335624,17,3254.34432
15.180074,17,3254.696641
10.688767,14,3254.99373
15.335624,17,3255.363506
14.613402,17,3255.742593
14.856234,17,3256.129163
15.307847,17,3256.484819
14.530721,17,3264.220006
14.475165,17,3264.584808
11.773259,14,3264.895727
12.113006,17,3265.251843
14.502943,17,3265.616909
14.780069,17,3265.97194
14.343444,17,3266.337603
15.307847,17,3266.825299
14.447388,17,3267.212362
14.447388,17,3267.57147
15.002291,17,3267.966927
13.579443,17,3268.336082
14.447388,17,3268.685235
14.475165,17,3269.038188
15.335624,17,3269.386484
14.558499,17,3269.757895
14.884012,17,3275.94121
12.140784,17,3276.29518
13.801665,17,3276.661993
15.280069,17,3277.036183
15.335624,17,3277.394941
13.634998,17,3277.777552
14.752291,17,3278.231794
10.651849,14,3278.526025
15.057847,17,3278.940953
12.085229,17,3279.299944
15.335624,17,3279.716833
13.892166,17,3280.074409
14.447388,17,3280.437324
15.14118,17,3280.796052
15.307847,17,3281.188298
15.113402,17,3287.555547
15.335624,17,3287.900188
13.690554,17,3288.268116
14.271227,17,3288.615024
14.856234,17,3288.980782
14.475165,17,3289.365174
15.335624,17,3289.725141
14.856234,17,3290.079833
14.856234,17,3290.460631
14.502014,16,3290.812854
14.475165,17,3291.183431
14.558499,17,3291.535956
15.030069,17,3291.898467
15.335624,17,3292.282135
15.335624,17,3292.644947
15.335624,17,3300.504583
15.335624,17,3300.971007
14.995123,17,3301.323742
13.773887,17,3301.68
14.995123,17,3302.047297
14.856234,17,3302.44952
14.967346,17,3302.917825
15.307847,17,3303.300761
14.475165,17,3303.655857
12.835229,17,3304.031749
14.937945,17,3304.394297
14.371222,17,3304.756688
14.447388,17,3305.134422
14.41961,17,3305.478706
15.335624,17,3305.831366
15.307847,17,3311.964798
15.280069,17,3312.328883
14.687945,17,3312.680807
15.307847,17,3313.061472
14.475165,17,3313.419967
15.335624,17,3313.770411
14.828457,17,3314.132699
15.307847,17,3314.480563
15.057847,17,3314.822801
15.335624,17,3315.192075
14.772901,17,3315.556141
12.224117,17,3315.921529
13.873882,17,3316.291944
13.919944,17,3316.659964
13.868698,17,3317.020912
14.846741,17,3323.581895
14.957852,17,3323.938182
15.335624,17,3324.318379
13.773887,17,3324.735323
14.41961,17,3325.10921
13.690554,17,3325.477966
14.91179,17,3325.856007
14.957852,17,3326.242402
14.475165,17,3326.617281
13.919944,17,3328.214684
15.335624,17,3328.606493
15.307847,17,3328.980227
12.011389,17,3329.354305
13.945708,17,3329.748112
14.029099,17,3330.124137
14.447388,17,3336.336427
15.307847,17,3336.72312
14.967346,17,3337.093465
15.013407,17,3337.464607
14.856234,17,3337.81657
13.718331,17,3338.163653
14.91179,17,3338.600249
14.902296,17,3338.993009
14.91179,17,3339.361713
13.90166,17,3339.716588
15.335624,17,3340.084597
15.335624,17,3340.470296
13.947722,17,3340.819683
15.252291,17,3341.269431
15.335624,17,3341.658319
14.828457,17,3347.926602
14.930074,17,3348.288678
15.307847,17,3348.642198
15.335624,17,3349.021479
14.447388,17,3349.382039
15.280069,17,3349.785883
14.475165,17,3350.194063
14.475165,17,3350.613084
12.168562,17,3351.068217
14.558499,17,3351.472408
15.030069,17,3351.93601
14.957852,17,3352.330045
13.947722,17,3352.740238
14.475165,17,3353.124354
14.752291,17,3353.496923
14.967346,17,3360.046593
13.919944,17,3361.735218
14.780069,17,3362.110855
14.493449,17,3362.467611
11.994727,17,3362.857206
14.856234,17,3363.224833
14.939568,17,3363.616196
14.856234,17,3364.073367
13.846104,17,3364.443175
14.930074,17,3364.842735
14.715723,17,3365.218746
14.995123,17,3365.574563
14.447388,17,3365.961469
14.884012,17,3366.310659
14.41961,17,3366.687716
14.807847,17,3373.068118
14.613402,17,3373.432125
13.864388,17,3373.766902
15.002291,17,3374.132261
15.280069,17,3374.536207
14.41961,17,3374.888794
12.224117,17,3375.268544
14.856234,17,3375.640153
13.746109,17,3375.991056
14.475165,17,3376.392391
14.613402,17,3376.750179
12.124123,17,3377.132213
12.085229,17,3377.491248
12.113006,17,3377.841317
13.892166,17,3378.225979
13.60722,17,3384.470807
10.707405,14,3384.774512
14.863402,17,3385.146446
14.41961,17,3385.512132
15.335624,17,3385.878675
13.919944,17,3386.251689
14.884012,17,3386.65682
12.44634,17,3387.11435
14.995123,17,3387.487019
15.335624,17,3387.856739
14.475165,17,3388.21917
14.530721,17,3388.597003
14.586277,17,3388.972712
14.780069,17,3389.355988
15.335624,17,3389.751652
14.197388,17,3390.124237
14.696736,17,3397.897016
14.343444,17,3398.258819
14.752291,17,3398.648291
14.308499,17,3399.099873
15.280069,17,3399.464222
14.475165,17,3399.831964
14.64118,17,3400.193112
13.60722,17,3400.547004
14.371222,17,3400.929836
15.335624,17,3401.322268
15.030069,17,3401.824535
14.447388,17,3402.22776
15.363355,17,3402.680186
14.984007,17,3403.133476
14.856234,17,3403.58733
13.884767,17,3409.996742
14.957852,17,3410.371748
15.335624,17,3410.762655
15.280069,17,3411.131796
13.919944,17,3411.488641
14.364054,17,3411.843568
15.307847,17,3412.230465
15.335624,17,3412.574265
15.307847,17,3412.920863
14.724513,17,3413.288426
14.807847,17,3413.631811
14.558499,17,3413.989472
14.856234,17,3414.354176
14.902296,17,3414.696455
14.965723,17,3415.055115
12.529673,17,3421.432297
14.884012,17,3421.828208
14.299005,17,3422.187725
14.957852,17,3422.554865
14.280721,17,3422.929275
14.696736,17,3423.29122
14.91179,17,3423.726586
14.66179,17,3424.095101
15.335624,17,3424.468759
15.002291,17,3424.840069
15.307847,17,3425.221634
15.068963,17,3425.59848
10.662148,13,3425.870926
14.475165,17,3426.273465
14.343444,17,3426.661985
13.947722,17,3434.436181
14.652296,17,3434.816443
14.447388,17,3435.181746
15.335624,17,3435.54476
15.022901,17,3435.91287
13.690554,17,3436.264463
15.307847,17,3436.644539
13.919944,17,3436.97723
14.475165,17,3437.317399
10.735183,14,3437.62112
14.371222,17,3437.961192
15.335624,17,3438.325577
15.280069,17,3438.693415
15.030069,17,3439.05061
15.335624,17,3439.436681
14.197388,17,3445.859012
15.335624,17,3446.239649
14.371222,17,3446.581861
14.465672,17,3446.924256
11.440821,14,3447.246928
14.64021,17,3447.621644
14.884012,17,3448.058444
15.307847,17,3448.490423
11.925798,14,3448.794574
14.902296,17,3449.189072
13.846104,17,3449.549093
13.744487,17,3449.898808
14.91179,17,3450.262589
12.113006,17,3450.644924
15.335624,17,3451.016745
13.718331,17,3451.405535
14.835624,17,3457.832215
14.957852,17,3458.19873
14.957852,17,3458.551391
14.974513,17,3458.947575
13.744487,17,3459.319979
13.947722,17,3459.718405
13.746109,17,3460.085944
14.576783,17,3460.47157
14.475165,17,3462.07124
14.447388,17,3462.44161
15.335624,17,3462.808036
15.057847,17,3463.196041
14.807847,17,3463.552326
14.178452,17,3463.926587
13.718331,17,3464.330107
14.501321,17,3470.734763
13.764393,17,3471.069742
15.049057,17,3471.440427
14.315667,17,3471.805185
15.335624,17,3472.160198
12.140784,17,3472.512726
15.307847,17,3472.880933
15.050402,17,3473.231184
12.611107,17,3473.591582
14.835624,17,3473.924843
12.936272,16,3474.26567
12.131994,17,3474.616871
14.604561,17,3474.960569
12.113006,17,3475.322018
13.773887,17,3475.69957
14.884012,17,3482.282923
15.252291,17,3482.655359
12.19634,17,3483.001245
14.856234,17,3483.365982
14.884012,17,3483.719277
10.994259,13,3483.978712
12.224117,17,3484.354244
14.835624,17,3484.713979
15.280069,17,3485.202589
14.752291,17,3485.611122
15.335624,17,3485.962624
14.41961,17,3486.325397
14.318635,17,3486.734743
14.957852,17,3487.101159
15.335624,17,3487.475987
13.790549,17,3494.070465
12.19634,17,3495.622181
14.884012,17,3496.02383
12.224117,17,3496.399706
14.660168,17,3496.777007
13.801665,17,3497.181321
15.113402,17,3497.541822
14.502943,17,3497.909262
15.307847,17,3498.312183
14.856234,17,3498.680035
12.085229,17,3499.075527
14.780069,17,3499.488995
13.864388,17,3499.859844
14.558499,17,3500.22603
14.91179,17,3500.591618
15.013407,17,3506.918402
14.91179,17,3507.273407
14.41961,17,3507.612196
14.474236,16,3507.955043
15.280069,17,3508.406187
15.280069,17,3508.801487
14.558499,17,3509.14202
15.335624,17,3509.505188
15.113402,17,3509.864455
14.995123,17,3510.202421
14.343444,17,3510.55617
14.63239,17,3510.915496
13.792171,17,3511.28658
14.652296,17,3511.649034
14.371222,17,3511.996575
14.957852,17,3518.139167
15.335624,17,3518.525327
14.995123,17,3518.896601
15.022901,17,3519.256104
14.91179,17,3519.616625
12.594722,17,3519.95932
14.493449,17,3520.347398
14.967346,17,3520.730567
15.022901,17,3521.093729
15.022901,17,3521.466829
13.931344,17,3521.815741
15.307847,17,3522.19138
14.687945,17,3522.553725
14.807847,17,3522.912633
14.957852,17,3523.272373
14.371222,17,3531.20259
13.938661,17,3531.649058
13.873882,17,3532.119966
14.856234,17,3532.526779
12.722218,17,3532.907338
12.19634,17,3533.291188
15.307847,17,3533.716836
12.364555,15,3534.049225
14.493449,17,3534.497253
13.718331,17,3534.896102
15.335624,17,3535.301896
14.447388,17,3535.702458
14.752291,17,3536.085734
14.225165,17,3536.462707
14.930074,17,3536.835518
15.307847,17,3537.203432
13.634998,17,3543.760226
14.98563,17,3544.128629
15.335624,17,3544.501127
14.522901,17,3544.868877
13.892166,17,3545.257078
15.14118,17,3545.677978
13.873882,17,3546.05649
15.113402,17,3546.525683
13.161166,17,3546.981783
14.957852,17,3547.524762
14.807847,17,3548.148777
12.140784,17,3548.698935
13.690554,17,3549.210123
15.307847,17,3549.700484
13.68106,17,3550.246184
15.307847,17,3557.386447
14.493449,17,3557.769174
15.14118,17,3558.179068
15.335624,17,3558.568034
13.801665,17,3558.966261
14.41961,17,3559.379396
13.919944,17,3559.763897
15.307847,17,3560.158811
15.057847,17,3560.552399
14.884012,17,3561.01976
9.828815,12,3562.625747
12.19634,17,3563.048612
15.307847,17,3563.45908
13.846104,17,3563.84599
14.967346,17,3564.233143
14.447388,17,3570.915436
14.493449,17,3571.339127
12.19634,17,3571.760581
14.41961,17,3572.155179
14.995123,17,3572.614776
14.41961,17,3572.995881
14.447388,17,3573.563479
15.335624,17,3574.019072
14.447388,17,3574.427779
14.715723,17,3574.830182
13.919944,17,3575.250101
14.884012,17,3575.633369
14.447388,17,3576.037171
14.475165,17,3576.428369
15.307847,17,3576.836681
13.241827,16,3583.411103
13.634998,17,3583.813536
14.447388,17,3584.208516
15.280069,17,3584.612321
14.437894,17,3585.029986
15.307847,17,3585.437779
14.475165,17,3585.833182
14.493449,17,3586.226284
14.752291,17,3586.610913
14.967346,17,3587.023466
14.447388,17,3587.384674
14.902296,17,3587.827692
14.902296,17,3588.219234
14.475165,17,3588.616158
13.829443,17,3589.073306
14.930074,17,3597.055919
14.391832,17,3597.452061
15.030069,17,3597.876702
13.597727,17,3598.245472
12.168562,17,3598.661915
14.502943,17,3599.050533
14.558499,17,3599.421134
14.884012,17,3599.822136
15.113402,17,3600.227386
14.752291,17,3600.638509
14.752291,17,3601.022518
14.521227,17,3601.43374
14.807847,17,3601.824845
14.807847,17,3602.227968
14.141832,17,3602.629972
14.229513,17,3609.341874
12.668562,17,3609.732775
14.41961,17,3610.147827
15.307847,17,3610.538426
12.777773,17,3610.916116
15.307847,17,3611.310561
14.447388,17,3611.707196
14.884012,17,3612.130764
14.780069,17,3612.521289
14.167988,17,3612.919222
15.307847,17,3613.311734
14.957852,17,3613.729138
14.64118,17,3614.129638
15.335624,17,3614.51446
15.307847,17,3614.918711
13.919944,17,3621.711823
14.957852,17,3622.09974
15.307847,17,3622.506411
14.828457,17,3622.900904
14.475165,17,3623.304915
14.447388,17,3623.721018
13.947722,17,3624.100936
12.168562,17,3624.508022
11.925798,14,3624.844667
14.160116,17,3625.239501
15.030069,17,3625.659489
15.335624,17,3626.032487
14.447388,17,3626.417889
15.335624,17,3626.806427
14.930074,17,3627.201514
14.475165,17,3627.596512
15.307847,17,3635.44004
14.558499,17,3635.839886
14.585624,17,3636.229506
13.764393,17,3636.642161
14.475165,17,3637.048898
14.930074,17,3637.460102
14.391832,17,3637.925307
13.90166,17,3638.350881
13.792171,17,3638.791583
14.957852,17,3639.202213
15.335624,17,3639.618533
14.930074,17,3640.060363
14.957852,17,3640.473996
15.335624,17,3640.875463
13.83661,17,3641.28159
15.335624,17,3647.999334
14.585624,17,3648.411494
15.280069,17,3648.843929
14.493449,17,3649.255548
15.307847,17,3649.717183
14.465672,17,3650.164733
12.215327,17,3650.546923
12.057451,17,3650.913392
14.957852,17,3651.316406
15.030069,17,3651.739039
14.902296,17,3652.127444
14.884012,17,3652.535089
14.41961,17,3652.915097
14.974513,17,3653.3352
15.335624,17,3653.728118
14.807847,17,3660.389735
13.708838,17,3660.793661
14.846741,17,3661.169622
13.947722,17,3661.613325
13.877574,17,3663.269745
14.902296,17,3663.672171
13.718331,17,3664.069942
14.558499,17,3664.448134
14.957852,17,3664.855253
12.279673,17,3665.250019
15.057847,17,3665.661185
15.030069,17,3666.078641
14.371222,17,3666.487879
12.668562,17,3666.913352
14.475165,17,3667.292781
15.335624,17,3674.141639
13.662776,17,3674.638706
14.957852,17,3675.179181
14.930074,17,3675.710567
13.773887,17,3676.38605
14.530721,17,3676.883643
14.856234,17,3678.410745
15.307847,17,3679.073105
14.967346,17,3679.674054
12.224117,17,3680.245485
14.132338,17,3680.746709
15.307847,17,3681.240943
15.280069,17,3681.785145
13.919944,17,3682.377143
15.307847,17,3682.921003
13.919944,17,3690.173683
14.558499,17,3690.571494
14.475165,17,3690.996388
15.030069,17,3691.403134
14.902296,17,3691.863602
15.335624,17,3692.357657
12.19634,17,3692.869001
14.828457,17,3693.382086
14.215672,17,3693.769068
15.335624,17,3694.200562
14.807847,17,3694.602103
11.38437,14,3694.952864
14.475165,17,3696.572321
15.307847,17,3696.971905
13.792171,17,3697.398594
14.447388,17,3704.281139
14.604561,17,3704.685375
14.884012,17,3705.107221
14.91179,17,3705.494093
15.307847,17,3705.910137
14.475165,17,3706.313657
15.307847,17,3706.808954
15.335624,17,3707.195896
15.335624,17,3707.555374
14.957852,17,3707.937214
14.447388,17,3708.320342
13.873882,17,3708.723637
14.364054,17,3709.10431
14.884012,17,3709.46415
15.307847,17,3709.883051
14.884012,17,3716.669241
15.335624,17,3717.079283
14.807847,17,3717.45455
14.613402,17,3717.820501
14.086277,17,3718.215583
13.947722,17,3718.632285
13.919944,17,3719.001497
15.335624,17,3719.404741
14.576783,17,3719.778618
14.930074,17,3720.161196
14.884012,17,3720.584491
14.447388,17,3720.958895
14.780069,17,3721.351506
14.874518,17,3721.70163
14.930074,17,3722.127357
13.772265,17,3730.324759
14.902296,17,3730.717202
14.447388,17,3731.09266
14.493449,17,3731.494142
15.335624,17,3731.924994
15.335624,17,3732.322177
14.41961,17,3732.798846
14.761785,17,3733.269528
13.801665,17,3733.671429
14.371222,17,3734.076999
14.761785,17,3734.482984
14.429749,16,3734.863593
15.030069,17,3735.269387
14.475165,17,3735.667801
13.947722,17,3736.093266
14.930074,17,3742.964431
12.057451,17,3743.377626
14.521227,17,3743.788108
14.884012,17,3744.209916
14.41961,17,3744.591927
15.307847,17,3744.994682
15.307847,17,3745.412333
14.884012,17,3745.818456
15.280069,17,3746.214199
14.930074,17,3746.620838
15.307847,17,3747.052565
14.186272,17,3747.456059
15.307847,17,3747.850298
14.828457,17,3748.240677
12.18755,17,3748.636814
15.030069,17,3755.402654
15.335624,17,3755.821419
15.307847,17,3756.234446
14.41961,17,3756.620282
13.764393,17,3757.020582
15.022901,17,3757.437399
15.068963,17,3757.93714
13.892166,17,3758.352413
14.371222,17,3758.751789
15.335624,17,3759.165978
15.335624,17,3759.573721
14.930074,17,3759.959374
14.724513,17,3760.346147
13.708838,17,3760.764527
14.957852,17,3761.163903
15.335624,17,3769.352693
15.335624,17,3769.743058
15.280069,17,3770.173172
14.835624,17,3770.575072
14.957852,17,3771.084012
14.447388,17,3771.576732
14.401968,17,3771.993268
14.41961,17,3772.467637
15.335624,17,3772.858341
15.030069,17,3773.317961
12.251895,17,3773.729076
14.206229,17,3774.164299
13.247617,17,3774.565256
15.022901,17,3774.954979
14.160116,17,3775.375675
15.167058,17,3782.06744
14.752291,17,3782.476793
14.475165,17,3782.935341
15.307847,17,3783.413832
15.280069,17,3783.829507
14.856234,17,3784.226256
14.937945,17,3784.610974
13.68106,17,3785.004261
14.521227,17,3785.40925
14.41961,17,3785.815381
15.057847,17,3786.210624
12.168562,17,3786.614773
15.335624,17,3787.013756
14.521227,17,3787.405229
14.856234,17,3787.810724
14.391832,17,3788.197598
14.957852,17,3795.110349
14.957852,17,3796.814833
15.307847,17,3797.317986
14.902296,17,3797.71496
14.447388,17,3798.100117
14.807847,17,3798.508579
14.780069,17,3798.901694
14.930074,17,3799.276928
14.807847,17,3799.687395
14.863402,17,3800.077807
14.447388,17,3800.479918
15.335624,17,3800.869839
13.90166,17,3801.231563
15.335624,17,3801.631141
14.930074,17,3802.026454
14.930074,17,3808.788141
14.187894,17,3809.229335
15.335624,17,3809.58964
14.132338,17,3809.988617
14.930074,17,3810.390535
15.030069,17,3810.774492
14.447388,17,3811.158699
14.668958,17,3811.547561
14.586277,17,3811.957772
13.744487,17,3812.337187
12.140784,17,3812.726794
13.579443,17,3813.164853
13.873882,17,3813.551342
15.335624,17,3813.997462
14.993501,17,3814.38002
15.030069,17,3821.325425
14.447388,17,3821.699301
15.307847,17,3822.116216
14.475165,17,3822.501861
13.800042,17,3823.034381
15.391133,17,3823.461966
14.957852,17,3823.881735
12.224117,17,3824.300739
15.002291,17,3824.730718
14.957852,17,3825.144097
15.057847,17,3825.586917
13.68106,17,3825.97608
15.002291,17,3826.414081
14.493449,17,3826.805777
15.057847,17,3827.205456
12.168562,17,3835.332589
13.136506,17,3835.76098
14.874518,17,3836.1535
14.41961,17,3836.554116
14.447388,17,3836.961772
15.307847,17,3837.347621
14.447388,17,3837.766584
14.957852,17,3838.195273
11.885975,14,3838.524846
14.447388,17,3838.942647
15.057847,17,3839.339946
14.930074,17,3839.801234
15.307847,17,3840.237233
14.447388,17,3840.606012
14.364054,17,3841.00731
15.002291,17,3847.659953
12.168562,17,3848.079192
14.957852,17,3848.505822
14.696736,17,3848.90061
14.957852,17,3849.329843
15.280069,17,3849.734769
15.280069,17,3850.227152
14.41961,17,3850.612767
13.975499,17,3851.025838
14.315667,17,3851.424787
15.335624,17,3851.829282
15.002291,17,3852.228741
15.307847,17,3852.647337
14.807847,17,3853.058377
13.446863,16,3853.454974
14.475165,17,3860.367454
15.335624,17,3860.772508
14.521227,17,3861.157805
15.057847,17,3861.539752
14.465672,17,3861.969492
14.807847,17,3862.408374
14.371222,17,3864.097025
15.335624,17,3864.495189
15.335624,17,3864.864774
14.437894,17,3865.24187
14.780069,17,3865.637954
14.447388,17,3866.054575
14.475165,17,3866.447148
15.307847,17,3866.850482
14.447388,17,3867.250711
14.706229,17,3873.989846
14.863402,17,3874.388968
14.475165,17,3874.777597
14.835624,17,3875.169405
15.307847,17,3875.683418
15.307847,17,3876.089011
14.208189,17,3876.529507
15.335624,17,3876.927175
13.919944,17,3877.323057
12.113006,17,3877.744887
14.724513,17,3878.152391
14.447388,17,3878.556817
14.930074,17,3878.938821
15.280069,17,3879.340117
14.752291,17,3879.780269
15.335624,17,3886.641066
15.307847,17,3887.058457
14.558499,17,3887.451079
15.307847,17,3887.902419
14.761785,17,3888.349751
13.772265,17,3888.797409
14.493449,17,3889.196019
14.874518,17,3889.613136
15.280069,17,3890.053025
14.902296,17,3890.453278
15.002291,17,3890.861436
15.307847,17,3891.262819
15.335624,17,3891.67529
13.920324,17,3892.080451
15.307847,17,3892.482682
14.447388,17,3900.493655
12.668562,17,3900.889971
15.335624,17,3901.312283
15.335624,17,3901.704247
14.271227,17,3902.09149
14.930074,17,3902.517052
10.669085,13,3902.828082
13.919944,17,3903.230768
14.493449,17,3903.603227
12.113006,17,3904.007145
14.957852,17,3904.409451
15.113402,17,3904.811073
15.307847,17,3905.221341
14.780069,17,3905.636898
15.335624,17,3906.037534
14.937945,17,3906.447286
15.252291,17,3913.183583
14.930074,17,3913.595913
15.335624,17,3914.032302
14.465672,17,3914.422492
14.493449,17,3914.82536
15.335624,17,3915.333642
13.892166,17,3915.750972
15.335624,17,3916.18182
14.930074,17,3916.590431
14.930074,17,3917.016024
12.168562,17,3917.489308
15.307847,17,3917.9197
13.946678,17,3918.345912
15.335624,17,3918.747942
15.335624,17,3919.17247
15.335624,17,3925.913634
14.856234,17,3926.331537
13.746109,17,3926.729833
14.930074,17,3927.17721
15.030069,17,3927.609089
14.215996,17,3928.019933
15.252291,17,3928.450305
14.957852,17,3928.879158
14.141832,17,3929.274519
14.835624,17,3930.919509
14.930074,17,3931.336269
15.307847,17,3931.720544
12.19634,17,3932.113249
15.335624,17,3932.535712
14.957852,17,3932.930346
14.957852,17,3939.643994
15.113402,17,3940.063682
13.873882,17,3940.531503
14.91179,17,3940.988003
15.335624,17,3941.412189
12.113006,17,3941.83937
12.068567,17,3942.232095
14.521227,17,3942.631689
14.884012,17,3943.042917
14.343444,17,3943.431107
15.057847,17,3943.83801
15.335624,17,3944.24384
15.335624,17,3944.632406
14.930074,17,3945.02797
13.764393,17,3945.402236
14.930074,17,3952.220857
15.307847,17,3952.62449
14.447388,17,3953.026872
12.140784,17,3953.422107
13.937894,17,3953.834888
13.919944,17,3954.249657
15.280069,17,3954.641918
15.280069,17,3955.162108
14.835624,17,3955.550428
14.41961,17,3955.947922
15.335624,17,3956.38273
14.160116,17,3956.776053
13.690554,17,3957.241653
14.493449,17,3957.606786
14.828457,17,3958.036182
15.307847,17,3966.145384
14.939568,17,3966.613343
15.280069,17,3967.03936
14.957852,17,3967.474393
14.884012,17,3967.906101
15.307847,17,3968.322094
14.957852,17,3968.799456
13.850128,17,3969.23093
15.307847,17,3969.641634
15.391133,17,3970.064102
14.884012,17,3970.507516
15.307847,17,3970.950908
14.835624,17,3971.359673
14.957852,17,3971.761155
12.44634,17,3972.171413
13.947722,17,3979.111211
13.965672,17,3979.53862
13.855598,17,3979.960016
12.140784,17,3980.385137
14.475165,17,3980.790354
14.884012,17,3981.194981
15.280069,17,3981.69177
15.335624,17,3982.114156
14.884012,17,3982.529487
12.131994,17,3982.93792
14.902296,17,3983.325657
14.501321,17,3983.736104
15.168958,17,3984.159991
15.021279,17,3984.582599
15.335624,17,3984.973608
14.724513,17,3991.842702
15.335624,17,3992.246666
11.925798,14,3992.564997
15.335624,17,3992.994809
12.140784,17,3993.387029
14.884012,17,3993.80424
14.818963,17,3994.207363
14.835624,17,3994.601168
15.363355,17,3995.012777
15.057847,17,3995.406931
12.19634,17,3995.812023
15.057847,17,3996.230794
14.957852,17,3997.602078
14.41961,17,3998.002899
14.364054,17,3998.479904
